[{"model": "utilisateurs.utilisateur", "fields": {"password": "pbkdf2_sha256$600000$2FVyWxbcViNWWXJ1djEmNK$K44dY3nKjNEn/9aWrLnvIalJ5u/QixV8vev5aserwE0=", "last_login": "2026-07-21T21:19:14.337Z", "is_superuser": true, "username": "Admin", "first_name": "", "last_name": "", "email": "admin@example.com", "is_staff": true, "is_active": true, "date_joined": "2026-05-01T10:10:06.146Z", "role": "admin", "company": 1, "telephone": null, "adresse": null, "ville": null, "code_postal": null, "photo_profil": "", "bio": null, "documents_verifies": false, "email_verifie": false, "otp_code": "", "otp_expire_le": null, "afficher_telephone": true, "afficher_email": false, "accepte_appels": true, "dashboard_preferences": {}, "date_creation": "2026-05-01T10:10:06.847Z", "date_modification": "2026-06-21T23:35:17.585Z", "groups": [], "user_permissions": []}}, {"model": "utilisateurs.utilisateur", "fields": {"password": "pbkdf2_sha256$600000$QkqSrkKE4f2P4XcjVseP3v$7pIQ3suUnjqc6nJvhZzugGqazIBIUodUNEN9nN5uy5s=", "last_login": "2026-07-21T23:55:15.975Z", "is_superuser": false, "username": "Bintoudby", "first_name": "bintou", "last_name": "Diaby", "email": "bdby0706@gmail.com", "is_staff": false, "is_active": true, "date_joined": "2026-06-10T09:56:18.994Z", "role": "locataire", "company": null, "telephone": "0707066950", "adresse": null, "ville": null, "code_postal": null, "photo_profil": "", "bio": null, "documents_verifies": false, "email_verifie": true, "otp_code": "", "otp_expire_le": null, "afficher_telephone": true, "afficher_email": false, "accepte_appels": true, "dashboard_preferences": {}, "date_creation": "2026-06-10T09:56:19.418Z", "date_modification": "2026-06-10T09:56:19.418Z", "groups": [], "user_permissions": []}}, {"model": "utilisateurs.utilisateur", "fields": {"password": "pbkdf2_sha256$600000$pLLryvhpUoVWcTobSnMwgW$4z7xLKhP+b0qsKthbC0cTJaQ9OLKx/cwq1kjAwgbGXA=", "last_login": "2026-07-12T21:51:53.304Z", "is_superuser": false, "username": "ci_test_1782006789", "first_name": "CI", "last_name": "Test", "email": "ci_test_1782006789@example.com", "is_staff": false, "is_active": true, "date_joined": "2026-06-21T01:53:09.452Z", "role": "proprietaire", "company": 2, "telephone": "+2250700000000", "adresse": null, "ville": null, "code_postal": null, "photo_profil": "", "bio": null, "documents_verifies": false, "email_verifie": false, "otp_code": "", "otp_expire_le": null, "afficher_telephone": true, "afficher_email": false, "accepte_appels": true, "dashboard_preferences": {}, "date_creation": "2026-06-21T01:53:09.729Z", "date_modification": "2026-06-21T01:53:09.782Z", "groups": [], "user_permissions": []}}, {"model": "utilisateurs.utilisateur", "fields": {"password": "pbkdf2_sha256$600000$qQq0ilcjGZYKY4Fvuce1ox$OBkDVxiOsBgnnVIvY8RtgbccEHyNiRxBkyp3erWMAf0=", "last_login": "2026-07-12T21:51:53.266Z", "is_superuser": false, "username": "Bintouuuuu", "first_name": "nabintou", "last_name": "Diaby", "email": "bintou@gmail.com", "is_staff": false, "is_active": true, "date_joined": "2026-06-21T02:18:42.108Z", "role": "proprietaire", "company": 3, "telephone": "0705563163", "adresse": null, "ville": null, "code_postal": null, "photo_profil": "", "bio": null, "documents_verifies": false, "email_verifie": false, "otp_code": "", "otp_expire_le": null, "afficher_telephone": true, "afficher_email": false, "accepte_appels": true, "dashboard_preferences": {}, "date_creation": "2026-06-21T02:18:42.423Z", "date_modification": "2026-06-21T02:18:42.438Z", "groups": [], "user_permissions": []}}, {"model": "utilisateurs.utilisateur", "fields": {"password": "pbkdf2_sha256$600000$82WONGB6CXZPDi8WqRrySX$z5unmilkb2v262iqoDBuhopys15/t4WHEuOI8Ad45DU=", "last_login": "2026-07-16T14:16:32.898Z", "is_superuser": false, "username": "azimuts_demo", "first_name": "Azimuts", "last_name": "SARL", "email": "contact@azimuts-demo.ci", "is_staff": false, "is_active": true, "date_joined": "2026-06-28T13:41:21.730Z", "role": "proprietaire", "company": 4, "telephone": "0707000001", "adresse": null, "ville": null, "code_postal": null, "photo_profil": "", "bio": null, "documents_verifies": true, "email_verifie": false, "otp_code": "", "otp_expire_le": null, "afficher_telephone": true, "afficher_email": false, "accepte_appels": true, "dashboard_preferences": {}, "date_creation": "2026-06-28T13:41:21.730Z", "date_modification": "2026-06-28T13:41:21.943Z", "groups": [], "user_permissions": []}}, {"model": "utilisateurs.utilisateur", "fields": {"password": "pbkdf2_sha256$600000$Gwni7KQaDR9IPvYQPJaMMZ$HA5up/ZRpGrdqD+ZO7UO9NR0RMPQLUe4tsv8J8rtGDE=", "last_login": "2026-07-21T23:34:35.798Z", "is_superuser": false, "username": "Abejakings", "first_name": "Abeja", "last_name": "king", "email": "abejaking@gmail.com", "is_staff": false, "is_active": true, "date_joined": "2026-06-29T20:11:08.987Z", "role": "proprietaire", "company": 5, "telephone": "+2250707066950", "adresse": null, "ville": null, "code_postal": null, "photo_profil": "", "bio": null, "documents_verifies": false, "email_verifie": false, "otp_code": "", "otp_expire_le": null, "afficher_telephone": true, "afficher_email": false, "accepte_appels": true, "dashboard_preferences": {}, "date_creation": "2026-06-29T20:11:09.255Z", "date_modification": "2026-07-05T18:10:07.426Z", "groups": [], "user_permissions": []}}, {"model": "utilisateurs.utilisateur", "fields": {"password": "pbkdf2_sha256$600000$DSO6ZD81xA7rWVnm9tmMRd$0DQF7ABvNo5d0O4oI4/18y6ZY3u2MbhROGgXBisn82M=", "last_login": "2026-07-21T23:54:00.606Z", "is_superuser": false, "username": "fatimahdby07", "first_name": "Fatimah", "last_name": "Dby", "email": "fatimahdby07@gmail.com", "is_staff": false, "is_active": true, "date_joined": "2026-07-01T09:51:13.317Z", "role": "locataire", "company": null, "telephone": "0700000000", "adresse": null, "ville": "Abidjan", "code_postal": null, "photo_profil": "", "bio": "", "documents_verifies": false, "email_verifie": false, "otp_code": "", "otp_expire_le": null, "afficher_telephone": true, "afficher_email": false, "accepte_appels": true, "dashboard_preferences": {}, "date_creation": "2026-07-01T09:51:13.724Z", "date_modification": "2026-07-09T19:49:26.409Z", "groups": [], "user_permissions": []}}, {"model": "utilisateurs.utilisateur", "fields": {"password": "pbkdf2_sha256$600000$zP0VOYhtM93UYEyDAOBRW1$B8ZHRRjyKCn+4sph6NlVWSVUJusmyFbD0P86/dcUh0A=", "last_login": "2026-07-12T21:51:53.042Z", "is_superuser": false, "username": "sarlimmobilier", "first_name": "sarl immobilier", "last_name": "sarl", "email": "sarl@gmail.com", "is_staff": false, "is_active": true, "date_joined": "2026-07-01T20:40:30.354Z", "role": "proprietaire", "company": null, "telephone": "0707066950", "adresse": null, "ville": null, "code_postal": null, "photo_profil": "", "bio": null, "documents_verifies": false, "email_verifie": false, "otp_code": "", "otp_expire_le": null, "afficher_telephone": true, "afficher_email": false, "accepte_appels": true, "dashboard_preferences": {}, "date_creation": "2026-07-01T20:40:30.818Z", "date_modification": "2026-07-07T23:30:19.157Z", "groups": [], "user_permissions": []}}, {"model": "utilisateurs.utilisateur", "fields": {"password": "pbkdf2_sha256$600000$7tyQRmkpYgvwwgffQWaYlf$Hk7aYjLabyhMzzNajL7fgrI9smlrHaAoj3hVW45Ti+o=", "last_login": "2026-07-14T16:12:39.386Z", "is_superuser": false, "username": "fadel", "first_name": "fadel", "last_name": "koloma", "email": "fadel.oumar.koloma@gmail.com", "is_staff": false, "is_active": true, "date_joined": "2026-07-11T10:38:37.866Z", "role": "locataire", "company": null, "telephone": "+2250707066950", "adresse": null, "ville": null, "code_postal": null, "photo_profil": "", "bio": null, "documents_verifies": false, "email_verifie": true, "otp_code": "", "otp_expire_le": null, "afficher_telephone": true, "afficher_email": false, "accepte_appels": true, "dashboard_preferences": {}, "date_creation": "2026-07-11T10:38:38.340Z", "date_modification": "2026-07-11T10:38:38.340Z", "groups": [], "user_permissions": []}}, {"model": "utilisateurs.utilisateur", "fields": {"password": "pbkdf2_sha256$600000$p9BDiPTdKz0kUXMNyN5SCi$G+xNP4M6utVZ8hgi/Lkt/4D7vSlnOcCpFKhrMVcIlkU=", "last_login": "2026-07-19T14:23:48.069Z", "is_superuser": false, "username": "oumar", "first_name": "Oumar", "last_name": "", "email": "oumar@example.com", "is_staff": false, "is_active": true, "date_joined": "2026-07-11T13:44:59.946Z", "role": "locataire", "company": null, "telephone": null, "adresse": null, "ville": null, "code_postal": null, "photo_profil": "", "bio": "", "documents_verifies": false, "email_verifie": false, "otp_code": "", "otp_expire_le": null, "afficher_telephone": true, "afficher_email": false, "accepte_appels": true, "dashboard_preferences": {}, "date_creation": "2026-07-11T13:45:00.178Z", "date_modification": "2026-07-16T02:16:58.280Z", "groups": [], "user_permissions": []}}, {"model": "utilisateurs.utilisateur", "fields": {"password": "pbkdf2_sha256$600000$uXGym8WFGka2lztgjkfJxE$NmeZXABnOofQpm3/hWmhi5zQCB4eL4k8zgVPMEAsL7Q=", "last_login": "2026-07-12T21:51:52.926Z", "is_superuser": false, "username": "testuser_1783778223672", "first_name": "Test", "last_name": "Utilisateur", "email": "testuser_1783778223672@example.com", "is_staff": false, "is_active": true, "date_joined": "2026-07-11T13:57:05.732Z", "role": "locataire", "company": null, "telephone": null, "adresse": null, "ville": null, "code_postal": null, "photo_profil": "", "bio": null, "documents_verifies": false, "email_verifie": false, "otp_code": "", "otp_expire_le": null, "afficher_telephone": true, "afficher_email": false, "accepte_appels": true, "dashboard_preferences": {}, "date_creation": "2026-07-11T13:57:05.732Z", "date_modification": "2026-07-11T13:57:06.073Z", "groups": [], "user_permissions": []}}, {"model": "utilisateurs.utilisateur", "fields": {"password": "pbkdf2_sha256$600000$z8geL3WbAZ9suABK08mMQI$vGYlUKsP0E+mvVCMDGeEXQObZmzsadJ0S908kLPorPU=", "last_login": "2026-07-12T21:51:52.894Z", "is_superuser": false, "username": "testuser_1783779679839", "first_name": "Test", "last_name": "Utilisateur", "email": "testuser_1783779679839@example.com", "is_staff": false, "is_active": true, "date_joined": "2026-07-11T14:21:21.753Z", "role": "locataire", "company": null, "telephone": null, "adresse": null, "ville": null, "code_postal": null, "photo_profil": "", "bio": null, "documents_verifies": false, "email_verifie": false, "otp_code": "", "otp_expire_le": null, "afficher_telephone": true, "afficher_email": false, "accepte_appels": true, "dashboard_preferences": {}, "date_creation": "2026-07-11T14:21:21.754Z", "date_modification": "2026-07-11T14:21:22.159Z", "groups": [], "user_permissions": []}}, {"model": "utilisateurs.utilisateur", "fields": {"password": "pbkdf2_sha256$600000$5XdX1H1oSEVzqguXhz35IS$w8W72aptfHxJ6xx66/9Zp8HfO/qkdywoF5IyJHSAf/k=", "last_login": "2026-07-17T14:17:54.816Z", "is_superuser": false, "username": "proprio_test", "first_name": "Awa", "last_name": "Kone", "email": "proprio_test@example.com", "is_staff": false, "is_active": true, "date_joined": "2026-07-11T14:22:54.258Z", "role": "proprietaire", "company": null, "telephone": null, "adresse": null, "ville": null, "code_postal": null, "photo_profil": "", "bio": null, "documents_verifies": false, "email_verifie": false, "otp_code": "", "otp_expire_le": null, "afficher_telephone": true, "afficher_email": false, "accepte_appels": true, "dashboard_preferences": {}, "date_creation": "2026-07-11T14:22:54.258Z", "date_modification": "2026-07-11T14:22:54.489Z", "groups": [], "user_permissions": []}}, {"model": "utilisateurs.utilisateur", "fields": {"password": "pbkdf2_sha256$600000$HhvQrBGpIV9itbc62NyCNI$A1jhIEi+FaBWOOsELDRvMsiOp9cPGRLuetA9/UxcT+o=", "last_login": "2026-07-12T21:51:52.408Z", "is_superuser": false, "username": "testuser_1783780543595", "first_name": "Test", "last_name": "Utilisateur", "email": "testuser_1783780543595@example.com", "is_staff": false, "is_active": true, "date_joined": "2026-07-11T14:35:45.596Z", "role": "locataire", "company": null, "telephone": null, "adresse": null, "ville": null, "code_postal": null, "photo_profil": "", "bio": null, "documents_verifies": false, "email_verifie": false, "otp_code": "", "otp_expire_le": null, "afficher_telephone": true, "afficher_email": false, "accepte_appels": true, "dashboard_preferences": {}, "date_creation": "2026-07-11T14:35:45.596Z", "date_modification": "2026-07-11T14:35:45.975Z", "groups": [], "user_permissions": []}}, {"model": "utilisateurs.utilisateur", "fields": {"password": "pbkdf2_sha256$600000$VOQin1kbJI47mxseLtmfxf$Vfv50P4efouxom4GF/K+V9rd7xrdJkQZ1fyU6eQcIKQ=", "last_login": "2026-07-14T16:06:24.663Z", "is_superuser": false, "username": "nabintoudiaby", "first_name": "nabintou", "last_name": "Diaby", "email": "nabintoudiaby0706@gmail.com", "is_staff": false, "is_active": true, "date_joined": "2026-07-13T14:23:26.537Z", "role": "proprietaire", "company": 6, "telephone": "+2250707066950", "adresse": null, "ville": null, "code_postal": null, "photo_profil": "", "bio": null, "documents_verifies": false, "email_verifie": false, "otp_code": "621975", "otp_expire_le": "2026-07-13T14:33:26.824Z", "afficher_telephone": true, "afficher_email": false, "accepte_appels": true, "dashboard_preferences": {}, "date_creation": "2026-07-13T14:23:26.771Z", "date_modification": "2026-07-13T14:23:26.786Z", "groups": [], "user_permissions": []}}, {"model": "utilisateurs.utilisateur", "fields": {"password": "pbkdf2_sha256$600000$Xd3QT3j8WrLUJGoftWI3p5$AxAiIXp1agOOa5/ZCZgHypVXgKD7KjjQMUCSJRihvvg=", "last_login": "2026-07-14T16:06:43.530Z", "is_superuser": false, "username": "testuser_1784040300562", "first_name": "Test", "last_name": "Utilisateur", "email": "testuser_1784040300562@example.com", "is_staff": false, "is_active": true, "date_joined": "2026-07-14T14:45:03.401Z", "role": "locataire", "company": null, "telephone": null, "adresse": null, "ville": null, "code_postal": null, "photo_profil": "", "bio": null, "documents_verifies": false, "email_verifie": false, "otp_code": "", "otp_expire_le": null, "afficher_telephone": true, "afficher_email": false, "accepte_appels": true, "dashboard_preferences": {}, "date_creation": "2026-07-14T14:45:03.402Z", "date_modification": "2026-07-14T14:45:03.872Z", "groups": [], "user_permissions": []}}, {"model": "utilisateurs.utilisateur", "fields": {"password": "pbkdf2_sha256$600000$eYBrkOXKA7uwuE2u3f50i6$9/G7L/71GgZHnq0DdqMcPPCU7m+O449YCQf1Ctt2dtw=", "last_login": "2026-07-14T16:28:31.783Z", "is_superuser": false, "username": "testuser_1784046508224", "first_name": "Test", "last_name": "Utilisateur", "email": "testuser_1784046508224@example.com", "is_staff": false, "is_active": true, "date_joined": "2026-07-14T16:28:30.906Z", "role": "locataire", "company": null, "telephone": null, "adresse": null, "ville": null, "code_postal": null, "photo_profil": "", "bio": null, "documents_verifies": false, "email_verifie": false, "otp_code": "", "otp_expire_le": null, "afficher_telephone": true, "afficher_email": false, "accepte_appels": true, "dashboard_preferences": {}, "date_creation": "2026-07-14T16:28:30.907Z", "date_modification": "2026-07-14T16:28:31.336Z", "groups": [], "user_permissions": []}}, {"model": "utilisateurs.utilisateur", "fields": {"password": "pbkdf2_sha256$600000$tZuMUMW90WYUYX6YrSlQ6l$8iMM5o9JL7NMMk/KapWqmlEQw+O19NFKD/lBV9IHRQM=", "last_login": "2026-07-15T01:23:09.339Z", "is_superuser": false, "username": "alineseri", "first_name": "Aline", "last_name": "Seri", "email": "aliseri@gmail.com", "is_staff": false, "is_active": true, "date_joined": "2026-07-14T21:16:48.163Z", "role": "gestionnaire", "company": 5, "telephone": "07066950", "adresse": null, "ville": null, "code_postal": null, "photo_profil": "", "bio": null, "documents_verifies": false, "email_verifie": false, "otp_code": "", "otp_expire_le": null, "afficher_telephone": true, "afficher_email": false, "accepte_appels": true, "dashboard_preferences": {}, "date_creation": "2026-07-14T21:16:48.526Z", "date_modification": "2026-07-14T21:16:48.526Z", "groups": [], "user_permissions": []}}, {"model": "utilisateurs.utilisateur", "fields": {"password": "pbkdf2_sha256$600000$MduEGCAUuhqFBwqzBlcKU6$T9DcbnZy4KN7Thilta81lrCVJX2FMFSGE80F3l6l9Pk=", "last_login": "2026-07-15T02:08:50.184Z", "is_superuser": false, "username": "fatou.kouassi", "first_name": "Fatou", "last_name": "Kouassi", "email": "fatou.kouassi.demo@example.com", "is_staff": false, "is_active": true, "date_joined": "2026-07-15T01:27:22.265Z", "role": "gestionnaire", "company": 5, "telephone": "0705060708", "adresse": null, "ville": null, "code_postal": null, "photo_profil": "", "bio": null, "documents_verifies": false, "email_verifie": false, "otp_code": "", "otp_expire_le": null, "afficher_telephone": true, "afficher_email": false, "accepte_appels": true, "dashboard_preferences": {}, "date_creation": "2026-07-15T01:27:22.660Z", "date_modification": "2026-07-15T01:27:22.660Z", "groups": [], "user_permissions": []}}, {"model": "utilisateurs.utilisateur", "fields": {"password": "pbkdf2_sha256$600000$tGa75m4wmXJhQWrBORUBxm$gqqVhaq5VfGgRfneTBtqa8vIug+MXnjXgYDrLFPnjcU=", "last_login": null, "is_superuser": false, "username": "yves.nguessan", "first_name": "Yves", "last_name": "N'Guessan", "email": "yves.nguessan.demo@example.com", "is_staff": false, "is_active": true, "date_joined": "2026-07-15T01:27:22.685Z", "role": "gestionnaire", "company": 5, "telephone": "0709101112", "adresse": null, "ville": null, "code_postal": null, "photo_profil": "", "bio": null, "documents_verifies": false, "email_verifie": false, "otp_code": "", "otp_expire_le": null, "afficher_telephone": true, "afficher_email": false, "accepte_appels": true, "dashboard_preferences": {}, "date_creation": "2026-07-15T01:27:23.046Z", "date_modification": "2026-07-15T01:27:23.046Z", "groups": [], "user_permissions": []}}, {"model": "utilisateurs.utilisateur", "fields": {"password": "pbkdf2_sha256$600000$mqGZ4TsONPkLlHZuQw1PwD$k7ylav5cp8LKAjDnhMXTWyiggUecHFT4na8ueVL7EkE=", "last_login": "2026-07-16T01:07:47.689Z", "is_superuser": false, "username": "testuser_1784162923173", "first_name": "Test", "last_name": "Utilisateur", "email": "testuser_1784162923173@example.com", "is_staff": false, "is_active": true, "date_joined": "2026-07-16T00:48:45.867Z", "role": "locataire", "company": null, "telephone": null, "adresse": null, "ville": null, "code_postal": null, "photo_profil": "", "bio": null, "documents_verifies": false, "email_verifie": false, "otp_code": "", "otp_expire_le": null, "afficher_telephone": true, "afficher_email": false, "accepte_appels": true, "dashboard_preferences": {}, "date_creation": "2026-07-16T00:48:45.868Z", "date_modification": "2026-07-16T00:48:46.290Z", "groups": [], "user_permissions": []}}, {"model": "utilisateurs.utilisateur", "fields": {"password": "pbkdf2_sha256$600000$g6IL6wc8HbdyzypTjA3ked$qSmEKKncag6iCmryWwAmGDxWEj3v7RtzC5VelbKR1h8=", "last_login": "2026-07-16T02:00:05.282Z", "is_superuser": false, "username": "testuser_1784167201259", "first_name": "Test", "last_name": "Utilisateur", "email": "testuser_1784167201259@example.com", "is_staff": false, "is_active": true, "date_joined": "2026-07-16T02:00:04.155Z", "role": "locataire", "company": null, "telephone": null, "adresse": null, "ville": null, "code_postal": null, "photo_profil": "", "bio": null, "documents_verifies": false, "email_verifie": false, "otp_code": "", "otp_expire_le": null, "afficher_telephone": true, "afficher_email": false, "accepte_appels": true, "dashboard_preferences": {}, "date_creation": "2026-07-16T02:00:04.158Z", "date_modification": "2026-07-16T02:00:04.659Z", "groups": [], "user_permissions": []}}, {"model": "utilisateurs.utilisateur", "fields": {"password": "pbkdf2_sha256$600000$FAq6UFQsBhcfs1mk2BtLbo$dOgqGbAcc5U3J5G/x86DXJnTYH8GCrARqnvFzFYkUjQ=", "last_login": "2026-07-16T02:27:15.447Z", "is_superuser": false, "username": "testuser_1784168832697", "first_name": "Test", "last_name": "Utilisateur", "email": "testuser_1784168832697@example.com", "is_staff": false, "is_active": true, "date_joined": "2026-07-16T02:27:14.794Z", "role": "locataire", "company": null, "telephone": null, "adresse": null, "ville": null, "code_postal": null, "photo_profil": "", "bio": null, "documents_verifies": false, "email_verifie": false, "otp_code": "", "otp_expire_le": null, "afficher_telephone": true, "afficher_email": false, "accepte_appels": true, "dashboard_preferences": {}, "date_creation": "2026-07-16T02:27:14.794Z", "date_modification": "2026-07-16T02:27:15.086Z", "groups": [], "user_permissions": []}}, {"model": "utilisateurs.utilisateur", "fields": {"password": "pbkdf2_sha256$600000$5hXJxKPAoPLAvteshZi2t0$UtxxcidviSQB/Z2hg3ksZvDmHeFWwYr5lOqf6y0Sjbw=", "last_login": "2026-07-19T14:25:27.912Z", "is_superuser": false, "username": "testuser_1784471124070", "first_name": "Test", "last_name": "Utilisateur", "email": "testuser_1784471124070@example.com", "is_staff": false, "is_active": true, "date_joined": "2026-07-19T14:25:27.004Z", "role": "locataire", "company": null, "telephone": null, "adresse": null, "ville": null, "code_postal": null, "photo_profil": "", "bio": null, "documents_verifies": false, "email_verifie": false, "otp_code": "", "otp_expire_le": null, "afficher_telephone": true, "afficher_email": false, "accepte_appels": true, "dashboard_preferences": {}, "date_creation": "2026-07-19T14:25:27.004Z", "date_modification": "2026-07-19T14:25:27.404Z", "groups": [], "user_permissions": []}}, {"model": "utilisateurs.utilisateur", "fields": {"password": "pbkdf2_sha256$600000$ykHUkJFY6sPaJ0CltfHbUl$mCS7sASlEsx1leRqGakVAYGKErAol5Vmc7NBeWufHHE=", "last_login": "2026-07-19T14:28:02.512Z", "is_superuser": false, "username": "testuser_1784471278622", "first_name": "Test", "last_name": "Utilisateur", "email": "testuser_1784471278622@example.com", "is_staff": false, "is_active": true, "date_joined": "2026-07-19T14:28:01.410Z", "role": "locataire", "company": null, "telephone": null, "adresse": null, "ville": null, "code_postal": null, "photo_profil": "", "bio": null, "documents_verifies": false, "email_verifie": false, "otp_code": "", "otp_expire_le": null, "afficher_telephone": true, "afficher_email": false, "accepte_appels": true, "dashboard_preferences": {}, "date_creation": "2026-07-19T14:28:01.411Z", "date_modification": "2026-07-19T14:28:01.858Z", "groups": [], "user_permissions": []}}, {"model": "utilisateurs.utilisateur", "fields": {"password": "pbkdf2_sha256$600000$HtYtKZRRKqkdvscsLs3RDi$DQmMzayriZ+wlfVbtGJt13Adfmab/PRXLsCFUj+b9og=", "last_login": "2026-07-21T21:22:49.488Z", "is_superuser": false, "username": "Amidby", "first_name": "Ami", "last_name": "Diaby", "email": "amidby@gmail.com", "is_staff": false, "is_active": true, "date_joined": "2026-07-21T21:22:48.863Z", "role": "proprietaire", "company": 11, "telephone": "+2250707066950", "adresse": null, "ville": null, "code_postal": null, "photo_profil": "", "bio": null, "documents_verifies": false, "email_verifie": false, "otp_code": "545666", "otp_expire_le": "2026-07-21T21:32:49.496Z", "afficher_telephone": true, "afficher_email": false, "accepte_appels": true, "dashboard_preferences": {}, "date_creation": "2026-07-21T21:22:49.396Z", "date_modification": "2026-07-21T21:22:49.459Z", "groups": [], "user_permissions": []}}, {"model": "utilisateurs.company", "pk": 1, "fields": {"name": "Admin Company", "types": ["location", "location_maison", "vente_maison", "location_bureau", "vente_commercial", "syndic", "vente_terrain"], "date_creation": "2026-05-03T20:24:14.717Z", "description": null, "adresse": null, "ville": null, "telephone": null, "email": null, "logo": "", "cover_image": "", "facebook": null, "instagram": null, "latitude": null, "longitude": null, "horaires": {}, "disponible_maintenant": true, "delai_reponse_minutes": null, "numero_ncc": "", "numero_rccm": "", "taux_tva_loyer": "TVAD", "type_compte": "entreprise", "document_rccm": "", "statut_verification": "en_attente", "motif_rejet": "", "date_verification": null}}, {"model": "utilisateurs.company", "pk": 2, "fields": {"name": "CI Company", "types": ["location_maison", "vente_maison"], "date_creation": "2026-06-21T01:53:09.779Z", "description": null, "adresse": null, "ville": null, "telephone": null, "email": null, "logo": "", "cover_image": "", "facebook": null, "instagram": null, "latitude": null, "longitude": null, "horaires": {}, "disponible_maintenant": true, "delai_reponse_minutes": null, "numero_ncc": "", "numero_rccm": "", "taux_tva_loyer": "TVAD", "type_compte": "entreprise", "document_rccm": "", "statut_verification": "en_attente", "motif_rejet": "", "date_verification": null}}, {"model": "utilisateurs.company", "pk": 3, "fields": {"name": "Abeja King", "types": ["location_maison"], "date_creation": "2026-06-21T02:18:42.435Z", "description": null, "adresse": null, "ville": null, "telephone": null, "email": null, "logo": "", "cover_image": "", "facebook": null, "instagram": null, "latitude": null, "longitude": null, "horaires": {}, "disponible_maintenant": true, "delai_reponse_minutes": null, "numero_ncc": "", "numero_rccm": "", "taux_tva_loyer": "TVAD", "type_compte": "entreprise", "document_rccm": "", "statut_verification": "en_attente", "motif_rejet": "", "date_verification": null}}, {"model": "utilisateurs.company", "pk": 4, "fields": {"name": "Azimuts SARL", "types": ["location", "vente", "construction"], "date_creation": "2026-06-28T13:41:21.675Z", "description": null, "adresse": null, "ville": null, "telephone": null, "email": null, "logo": "", "cover_image": "", "facebook": null, "instagram": null, "latitude": null, "longitude": null, "horaires": {}, "disponible_maintenant": true, "delai_reponse_minutes": null, "numero_ncc": "", "numero_rccm": "", "taux_tva_loyer": "TVAD", "type_compte": "entreprise", "document_rccm": "", "statut_verification": "en_attente", "motif_rejet": "", "date_verification": null}}, {"model": "utilisateurs.company", "pk": 5, "fields": {"name": "Abeja King", "types": ["location_maison", "vente_maison", "vente_terrain", "construction"], "date_creation": "2026-06-29T20:11:09.283Z", "description": "", "adresse": "Rue des Cocotiers", "ville": "Grand-Bassam", "telephone": "0707070707", "email": "contact@abejaking.ci", "logo": "companies/logos/LOGO_ABEJA_KINGS-removebg-preview.png", "cover_image": "", "facebook": "", "instagram": "", "latitude": null, "longitude": null, "horaires": {"lundi": "08:00-17:30", "mardi": "08:00-17:30", "mercredi": "08:00-17:30", "jeudi": "08:00-17:30", "vendredi": "08:00-17:30", "samedi": "08:00-17:30", "dimanche": "08:00-17:30"}, "disponible_maintenant": true, "delai_reponse_minutes": null, "numero_ncc": "", "numero_rccm": "CI-ABJ-2024-B-99999", "taux_tva_loyer": "TVAD", "type_compte": "entreprise", "document_rccm": "", "statut_verification": "en_attente", "motif_rejet": "", "date_verification": null}}, {"model": "utilisateurs.company", "pk": 6, "fields": {"name": "DiabyImmobilier", "types": ["location_maison", "vente_maison", "vente_terrain", "construction"], "date_creation": "2026-07-13T14:23:26.786Z", "description": null, "adresse": null, "ville": null, "telephone": null, "email": null, "logo": "", "cover_image": "", "facebook": null, "instagram": null, "latitude": null, "longitude": null, "horaires": {}, "disponible_maintenant": true, "delai_reponse_minutes": null, "numero_ncc": "", "numero_rccm": "", "taux_tva_loyer": "TVAD", "type_compte": "entreprise", "document_rccm": "", "statut_verification": "en_attente", "motif_rejet": "", "date_verification": null}}, {"model": "utilisateurs.company", "pk": 11, "fields": {"name": "Ami House", "types": ["location_maison", "vente_maison", "vente_terrain"], "date_creation": "2026-07-21T21:22:49.454Z", "description": null, "adresse": null, "ville": null, "telephone": null, "email": null, "logo": "", "cover_image": "", "facebook": null, "instagram": null, "latitude": null, "longitude": null, "horaires": {}, "disponible_maintenant": true, "delai_reponse_minutes": null, "numero_ncc": "", "numero_rccm": "", "taux_tva_loyer": "TVAD", "type_compte": "particulier", "document_rccm": "", "statut_verification": "en_attente", "motif_rejet": "", "date_verification": null}}, {"model": "utilisateurs.proprietaireprofile", "pk": 1, "fields": {"utilisateur": ["ci_test_1782006789"], "numero_siret_siren": null, "nom_entreprise": "CI Company", "numero_licence": null, "iban": null, "nombre_proprietes": 0, "experience_annees": 0, "certification": false, "type_piece_identite": "", "piece_identite": "", "statut_verification_identite": "en_attente", "motif_rejet_identite": "", "date_verification_identite": null}}, {"model": "utilisateurs.proprietaireprofile", "pk": 2, "fields": {"utilisateur": ["Bintouuuuu"], "numero_siret_siren": "CI-ABJ-2026", "nom_entreprise": "Abeja King", "numero_licence": null, "iban": null, "nombre_proprietes": 0, "experience_annees": 0, "certification": false, "type_piece_identite": "", "piece_identite": "", "statut_verification_identite": "en_attente", "motif_rejet_identite": "", "date_verification_identite": null}}, {"model": "utilisateurs.proprietaireprofile", "pk": 3, "fields": {"utilisateur": ["Abejakings"], "numero_siret_siren": "CI-ABJ-2024-B-99999", "nom_entreprise": "Abeja King", "numero_licence": null, "iban": null, "nombre_proprietes": 0, "experience_annees": 0, "certification": false, "type_piece_identite": "", "piece_identite": "", "statut_verification_identite": "en_attente", "motif_rejet_identite": "", "date_verification_identite": null}}, {"model": "utilisateurs.proprietaireprofile", "pk": 4, "fields": {"utilisateur": ["sarlimmobilier"], "numero_siret_siren": null, "nom_entreprise": null, "numero_licence": null, "iban": null, "nombre_proprietes": 0, "experience_annees": 0, "certification": false, "type_piece_identite": "", "piece_identite": "", "statut_verification_identite": "en_attente", "motif_rejet_identite": "", "date_verification_identite": null}}, {"model": "utilisateurs.proprietaireprofile", "pk": 7, "fields": {"utilisateur": ["azimuts_demo"], "numero_siret_siren": null, "nom_entreprise": null, "numero_licence": null, "iban": null, "nombre_proprietes": 0, "experience_annees": 0, "certification": false, "type_piece_identite": "", "piece_identite": "", "statut_verification_identite": "en_attente", "motif_rejet_identite": "", "date_verification_identite": null}}, {"model": "utilisateurs.proprietaireprofile", "pk": 8, "fields": {"utilisateur": ["nabintoudiaby"], "numero_siret_siren": "CI-ABJ-2026", "nom_entreprise": "DiabyImmobilier", "numero_licence": null, "iban": null, "nombre_proprietes": 0, "experience_annees": 0, "certification": false, "type_piece_identite": "", "piece_identite": "", "statut_verification_identite": "en_attente", "motif_rejet_identite": "", "date_verification_identite": null}}, {"model": "utilisateurs.proprietaireprofile", "pk": 9, "fields": {"utilisateur": ["alineseri"], "numero_siret_siren": null, "nom_entreprise": null, "numero_licence": null, "iban": null, "nombre_proprietes": 0, "experience_annees": 0, "certification": false, "type_piece_identite": "", "piece_identite": "", "statut_verification_identite": "en_attente", "motif_rejet_identite": "", "date_verification_identite": null}}, {"model": "utilisateurs.proprietaireprofile", "pk": 12, "fields": {"utilisateur": ["Amidby"], "numero_siret_siren": null, "nom_entreprise": null, "numero_licence": null, "iban": null, "nombre_proprietes": 0, "experience_annees": 0, "certification": false, "type_piece_identite": "cni", "piece_identite": "", "statut_verification_identite": "en_attente", "motif_rejet_identite": "", "date_verification_identite": null}}, {"model": "utilisateurs.collaborateur", "pk": 2, "fields": {"utilisateur": ["alineseri"], "poste": "commercial", "invite_par": ["Abejakings"], "date_ajout": "2026-07-14T21:16:48.612Z", "acces_commercial": true, "acces_comptable": false, "acces_gestion_locative": false}}, {"model": "utilisateurs.collaborateur", "pk": 7, "fields": {"utilisateur": ["fatou.kouassi"], "poste": "comptable", "invite_par": ["Abejakings"], "date_ajout": "2026-07-15T01:27:22.676Z", "acces_commercial": false, "acces_comptable": true, "acces_gestion_locative": false}}, {"model": "utilisateurs.collaborateur", "pk": 8, "fields": {"utilisateur": ["yves.nguessan"], "poste": "gestionnaire_locatif", "invite_par": ["Abejakings"], "date_ajout": "2026-07-15T01:27:23.059Z", "acces_commercial": false, "acces_comptable": false, "acces_gestion_locative": true}}, {"model": "utilisateurs.tache", "pk": 4, "fields": {"assignee_a": ["alineseri"], "creee_par": ["Abejakings"], "titre": "Publier l'annonce Villa Riviera", "description": "Ajouter les photos et republier avant vendredi.", "date_limite": "2026-07-18", "statut": "a_faire", "date_creation": "2026-07-15T01:27:23.073Z", "date_terminee": null}}, {"model": "utilisateurs.tache", "pk": 5, "fields": {"assignee_a": ["alineseri"], "creee_par": ["Abejakings"], "titre": "Rappeler le client interesse par le T3 Marcory", "description": "", "date_limite": "2026-07-16", "statut": "a_faire", "date_creation": "2026-07-15T01:27:23.083Z", "date_terminee": null}}, {"model": "utilisateurs.tache", "pk": 6, "fields": {"assignee_a": ["fatou.kouassi"], "creee_par": ["Abejakings"], "titre": "Relancer les loyers en retard", "description": "Voir la liste des paiements en retard sur le dashboard.", "date_limite": "2026-07-16", "statut": "a_faire", "date_creation": "2026-07-15T01:27:23.095Z", "date_terminee": null}}, {"model": "utilisateurs.tache", "pk": 7, "fields": {"assignee_a": ["fatou.kouassi"], "creee_par": ["Abejakings"], "titre": "Generer les quittances du mois", "description": "", "date_limite": "2026-07-13", "statut": "fait", "date_creation": "2026-07-15T01:27:23.103Z", "date_terminee": "2026-07-15T01:27:23.112Z"}}, {"model": "utilisateurs.tache", "pk": 8, "fields": {"assignee_a": ["yves.nguessan"], "creee_par": ["Abejakings"], "titre": "Preparer le renouvellement du bail - Appartement T2 Yopougon", "description": "", "date_limite": "2026-07-20", "statut": "a_faire", "date_creation": "2026-07-15T01:27:23.120Z", "date_terminee": null}}, {"model": "utilisateurs.tache", "pk": 9, "fields": {"assignee_a": ["yves.nguessan"], "creee_par": ["Abejakings"], "titre": "Traiter la reclamation plomberie", "description": "Locataire signale une fuite.", "date_limite": "2026-07-14", "statut": "fait", "date_creation": "2026-07-15T01:27:23.130Z", "date_terminee": "2026-07-15T01:27:23.139Z"}}, {"model": "utilisateurs.demandeconge", "pk": 5, "fields": {"demandeur": ["alineseri"], "date_debut": "2026-07-25", "date_fin": "2026-07-30", "motif": "Conges annuels", "statut": "en_attente", "traite_par": null, "date_demande": "2026-07-15T01:27:23.149Z", "date_traitement": null}}, {"model": "utilisateurs.demandeconge", "pk": 6, "fields": {"demandeur": ["fatou.kouassi"], "date_debut": "2026-07-17", "date_fin": "2026-07-19", "motif": "Evenement familial", "statut": "accepte", "traite_par": ["Abejakings"], "date_demande": "2026-07-15T01:27:23.158Z", "date_traitement": "2026-07-15T01:27:23.166Z"}}, {"model": "utilisateurs.demandeconge", "pk": 7, "fields": {"demandeur": ["yves.nguessan"], "date_debut": "2026-06-25", "date_fin": "2026-06-27", "motif": "Conges", "statut": "refuse", "traite_par": ["Abejakings"], "date_demande": "2026-07-15T01:27:23.176Z", "date_traitement": "2026-07-15T01:27:23.183Z"}}, {"model": "utilisateurs.locataireprofile", "pk": 1, "fields": {"utilisateur": ["Bintoudby"], "numero_identite": null, "revenu_mensuel": null, "numero_reference_bancaire": null, "avis_impot": "", "preuve_emploi": "", "garant_contact": null, "localisation_preferee": null, "budget_max_mensuel": null}}, {"model": "utilisateurs.locataireprofile", "pk": 2, "fields": {"utilisateur": ["fatimahdby07"], "numero_identite": null, "revenu_mensuel": null, "numero_reference_bancaire": null, "avis_impot": "", "preuve_emploi": "", "garant_contact": null, "localisation_preferee": "", "budget_max_mensuel": null}}, {"model": "utilisateurs.locataireprofile", "pk": 4, "fields": {"utilisateur": ["fadel"], "numero_identite": null, "revenu_mensuel": null, "numero_reference_bancaire": null, "avis_impot": "", "preuve_emploi": "", "garant_contact": null, "localisation_preferee": null, "budget_max_mensuel": null}}, {"model": "utilisateurs.locataireprofile", "pk": 6, "fields": {"utilisateur": ["testuser_1783778223672"], "numero_identite": null, "revenu_mensuel": null, "numero_reference_bancaire": null, "avis_impot": "", "preuve_emploi": "", "garant_contact": null, "localisation_preferee": null, "budget_max_mensuel": null}}, {"model": "utilisateurs.locataireprofile", "pk": 7, "fields": {"utilisateur": ["testuser_1783779679839"], "numero_identite": null, "revenu_mensuel": null, "numero_reference_bancaire": null, "avis_impot": "", "preuve_emploi": "", "garant_contact": null, "localisation_preferee": null, "budget_max_mensuel": null}}, {"model": "utilisateurs.locataireprofile", "pk": 8, "fields": {"utilisateur": ["testuser_1783780543595"], "numero_identite": null, "revenu_mensuel": null, "numero_reference_bancaire": null, "avis_impot": "", "preuve_emploi": "", "garant_contact": null, "localisation_preferee": null, "budget_max_mensuel": null}}, {"model": "utilisateurs.locataireprofile", "pk": 10, "fields": {"utilisateur": ["testuser_1784040300562"], "numero_identite": null, "revenu_mensuel": null, "numero_reference_bancaire": null, "avis_impot": "", "preuve_emploi": "", "garant_contact": null, "localisation_preferee": null, "budget_max_mensuel": null}}, {"model": "utilisateurs.locataireprofile", "pk": 11, "fields": {"utilisateur": ["testuser_1784046508224"], "numero_identite": null, "revenu_mensuel": null, "numero_reference_bancaire": null, "avis_impot": "", "preuve_emploi": "", "garant_contact": null, "localisation_preferee": null, "budget_max_mensuel": null}}, {"model": "utilisateurs.locataireprofile", "pk": 12, "fields": {"utilisateur": ["testuser_1784162923173"], "numero_identite": null, "revenu_mensuel": null, "numero_reference_bancaire": null, "avis_impot": "", "preuve_emploi": "", "garant_contact": null, "localisation_preferee": null, "budget_max_mensuel": null}}, {"model": "utilisateurs.locataireprofile", "pk": 13, "fields": {"utilisateur": ["testuser_1784167201259"], "numero_identite": null, "revenu_mensuel": null, "numero_reference_bancaire": null, "avis_impot": "", "preuve_emploi": "", "garant_contact": null, "localisation_preferee": null, "budget_max_mensuel": null}}, {"model": "utilisateurs.locataireprofile", "pk": 14, "fields": {"utilisateur": ["testuser_1784168832697"], "numero_identite": null, "revenu_mensuel": null, "numero_reference_bancaire": null, "avis_impot": "", "preuve_emploi": "", "garant_contact": null, "localisation_preferee": null, "budget_max_mensuel": null}}, {"model": "utilisateurs.locataireprofile", "pk": 15, "fields": {"utilisateur": ["testuser_1784471124070"], "numero_identite": null, "revenu_mensuel": null, "numero_reference_bancaire": null, "avis_impot": "", "preuve_emploi": "", "garant_contact": null, "localisation_preferee": null, "budget_max_mensuel": null}}, {"model": "utilisateurs.locataireprofile", "pk": 16, "fields": {"utilisateur": ["testuser_1784471278622"], "numero_identite": null, "revenu_mensuel": null, "numero_reference_bancaire": null, "avis_impot": "", "preuve_emploi": "", "garant_contact": null, "localisation_preferee": null, "budget_max_mensuel": null}}, {"model": "biens.bien", "pk": 1, "fields": {"titre": "Appartement F4 meublé – Riviera", "description": "Bel appartement F4 entièrement meublé, climatisé, avec parking et gardien. Idéal pour famille ou expatriés.", "type_bien": "appartement", "statut": "disponible", "adresse": "Riviera, Cocody", "quartier": "Riviera", "commune": "Cocody", "ville": "Abidjan", "region": "", "code_postal": "", "pays": "Côte d'Ivoire", "latitude": 5.367, "longitude": -3.9591, "surface_m2": "120.00", "nombre_chambres": 4, "nombre_salles_bain": 2, "nombre_etages": 3, "prix_mensuel": "450000.00", "prix_vente": null, "prix_depot_garantie": "900000.00", "charges_incluses": "0.00", "equipements": ["Climatisation", "Parking", "Gardien", "Cuisine équipée", "Balcon"], "animaux_autorises": false, "fumeurs_acceptes": false, "photo_principale": "biens/principales/bien_1_appartement_real.jpg", "photos_additionnelles": [], "proprietaire": ["azimuts_demo"], "transaction_type": "location", "date_creation": "2026-06-28T13:41:21.980Z", "date_modification": "2026-07-14T13:45:30.767Z", "date_publication": null}}, {"model": "biens.bien", "pk": 2, "fields": {"titre": "Villa basse 5 pièces + piscine – Riviera Golf", "description": "Splendide villa basse avec piscine privée, jardin arboré, 5 chambres, double garage. Quartier résidentiel sécurisé.", "type_bien": "maison_basse", "statut": "disponible", "adresse": "Riviera Golf, Cocody", "quartier": "Riviera Golf", "commune": "Cocody", "ville": "Abidjan", "region": "", "code_postal": "", "pays": "Côte d'Ivoire", "latitude": 5.375, "longitude": -3.9512, "surface_m2": "380.00", "nombre_chambres": 5, "nombre_salles_bain": 3, "nombre_etages": 1, "prix_mensuel": "0.00", "prix_vente": "95000000.00", "prix_depot_garantie": "0.00", "charges_incluses": "0.00", "equipements": ["Piscine", "Jardin", "Double garage", "Climatisation", "Groupe électrogène"], "animaux_autorises": false, "fumeurs_acceptes": false, "photo_principale": "biens/principales/bien_2_maison_basse_real.jpg", "photos_additionnelles": [], "proprietaire": ["azimuts_demo"], "transaction_type": "vente", "date_creation": "2026-06-28T13:44:02.524Z", "date_modification": "2026-07-14T13:45:30.907Z", "date_publication": null}}, {"model": "biens.bien", "pk": 3, "fields": {"titre": "Terrain 500 m² titré ACD – Bingerville", "description": "Terrain viabilisé de 500 m², titre foncier ACD disponible. Eau, électricité sur la parcelle. Idéal pour construction.", "type_bien": "terrain", "statut": "disponible", "adresse": "Bingerville Centre", "quartier": "Centre", "commune": "Bingerville", "ville": "Abidjan", "region": "", "code_postal": "", "pays": "Côte d'Ivoire", "latitude": 5.3547, "longitude": -3.8768, "surface_m2": "500.00", "nombre_chambres": 0, "nombre_salles_bain": 0, "nombre_etages": 1, "prix_mensuel": "0.00", "prix_vente": "18000000.00", "prix_depot_garantie": "0.00", "charges_incluses": "0.00", "equipements": ["Eau", "Électricité", "Titre ACD"], "animaux_autorises": false, "fumeurs_acceptes": false, "photo_principale": "biens/principales/bien_3_terrain_real.jpg", "photos_additionnelles": [], "proprietaire": ["azimuts_demo"], "transaction_type": "vente", "date_creation": "2026-06-28T13:44:02.585Z", "date_modification": "2026-07-14T13:45:31.525Z", "date_publication": null}}, {"model": "biens.bien", "pk": 4, "fields": {"titre": "Boutique 60 m² sur grande voie – Yopougon", "description": "Local commercial de 60 m² en rez-de-chaussée sur axe passant. Grande vitrine, accès facile, eau et électricité.", "type_bien": "boutique", "statut": "disponible", "adresse": "Grande voie, Yopougon", "quartier": "Kouté", "commune": "Yopougon", "ville": "Abidjan", "region": "", "code_postal": "", "pays": "Côte d'Ivoire", "latitude": 5.3433, "longitude": -4.0714, "surface_m2": "60.00", "nombre_chambres": 0, "nombre_salles_bain": 1, "nombre_etages": 1, "prix_mensuel": "250000.00", "prix_vente": null, "prix_depot_garantie": "500000.00", "charges_incluses": "0.00", "equipements": ["Grande vitrine", "Eau", "Électricité", "Toilettes"], "animaux_autorises": false, "fumeurs_acceptes": false, "photo_principale": "biens/principales/bien_4_boutique_real.jpg", "photos_additionnelles": [], "proprietaire": ["azimuts_demo"], "transaction_type": "location", "date_creation": "2026-06-28T13:44:02.585Z", "date_modification": "2026-07-14T14:29:36.469Z", "date_publication": null}}, {"model": "biens.bien", "pk": 5, "fields": {"titre": "Studio meublé Zone 4 – Marcory", "description": "Studio tout équipé, climatisé, en résidence sécurisée. Idéal pour célibataire ou étudiant. Proche commerces et transports.", "type_bien": "studio", "statut": "loue", "adresse": "Zone 4, Marcory", "quartier": "Zone 4", "commune": "Marcory", "ville": "Abidjan", "region": "", "code_postal": "", "pays": "Côte d'Ivoire", "latitude": 5.3054, "longitude": -3.9981, "surface_m2": "38.00", "nombre_chambres": 1, "nombre_salles_bain": 1, "nombre_etages": 2, "prix_mensuel": "180000.00", "prix_vente": null, "prix_depot_garantie": "360000.00", "charges_incluses": "0.00", "equipements": ["Climatisation", "Meublé", "Sécurité 24h/24", "Eau chaude"], "animaux_autorises": false, "fumeurs_acceptes": false, "photo_principale": "biens/principales/bien_5_studio_real.jpg", "photos_additionnelles": [], "proprietaire": ["azimuts_demo"], "transaction_type": "location", "date_creation": "2026-06-28T13:44:02.600Z", "date_modification": "2026-07-14T14:06:17.792Z", "date_publication": null}}, {"model": "biens.bien", "pk": 6, "fields": {"titre": "Les Jardins de Bingerville – Projet 24 villas", "description": "Résidence haut standing de 24 villas, livraison prévue en 2027. Paiement échelonné possible. Titre foncier garanti.", "type_bien": "residence", "statut": "disponible", "adresse": "Route de Bingerville", "quartier": "Jardins", "commune": "Bingerville", "ville": "Abidjan", "region": "", "code_postal": "", "pays": "Côte d'Ivoire", "latitude": 5.3547, "longitude": -3.88, "surface_m2": "200.00", "nombre_chambres": 4, "nombre_salles_bain": 2, "nombre_etages": 2, "prix_mensuel": "0.00", "prix_vente": "25000000.00", "prix_depot_garantie": "0.00", "charges_incluses": "0.00", "equipements": ["Titre foncier", "Gardiennage", "Espace vert", "Paiement échelonné"], "animaux_autorises": false, "fumeurs_acceptes": false, "photo_principale": "biens/principales/bien_6_residence_real.jpg", "photos_additionnelles": [], "proprietaire": ["azimuts_demo"], "transaction_type": "vente", "date_creation": "2026-06-28T13:44:02.600Z", "date_modification": "2026-07-14T13:45:32.491Z", "date_publication": null}}, {"model": "biens.bien", "pk": 8, "fields": {"titre": "Villa 4 pièces – Grand-Bassam", "description": "Villa moderne à deux pas de la plage, jardin clos, sécurisée.", "type_bien": "maison", "statut": "loue", "adresse": "Rue des Cocotiers", "quartier": "Front de mer", "commune": "Grand-Bassam", "ville": "Grand-Bassam", "region": "", "code_postal": "", "pays": "Côte d'Ivoire", "latitude": 5.193, "longitude": -3.7355, "surface_m2": "180.00", "nombre_chambres": 4, "nombre_salles_bain": 2, "nombre_etages": 1, "prix_mensuel": "350000.00", "prix_vente": null, "prix_depot_garantie": "700000.00", "charges_incluses": "0.00", "equipements": [], "animaux_autorises": false, "fumeurs_acceptes": false, "photo_principale": "biens/principales/bien_8_maison_real.jpg", "photos_additionnelles": [], "proprietaire": ["Abejakings"], "transaction_type": "location", "date_creation": "2026-07-07T01:33:34.182Z", "date_modification": "2026-07-14T13:45:32.529Z", "date_publication": "2026-07-07T01:33:34.180Z"}}, {"model": "biens.bien", "pk": 9, "fields": {"titre": "Appartement T2 – Grand-Bassam Centre", "description": "Appartement calme proche du marché central, idéal jeune couple.", "type_bien": "t2", "statut": "loue", "adresse": "Avenue de la République", "quartier": "Centre", "commune": "Grand-Bassam", "ville": "Grand-Bassam", "region": "", "code_postal": "", "pays": "Côte d'Ivoire", "latitude": 5.199, "longitude": -3.741, "surface_m2": "65.00", "nombre_chambres": 2, "nombre_salles_bain": 1, "nombre_etages": 2, "prix_mensuel": "150000.00", "prix_vente": null, "prix_depot_garantie": "300000.00", "charges_incluses": "0.00", "equipements": [], "animaux_autorises": false, "fumeurs_acceptes": false, "photo_principale": "biens/principales/bien_9_t2_real.jpg", "photos_additionnelles": [], "proprietaire": ["Abejakings"], "transaction_type": "location", "date_creation": "2026-07-07T01:33:34.196Z", "date_modification": "2026-07-14T13:45:33.588Z", "date_publication": "2026-07-07T01:33:34.183Z"}}, {"model": "biens.bien", "pk": 10, "fields": {"titre": "Terrain 300 m² – Grand-Bassam", "description": "Terrain viabilisé proche lagune, titre foncier disponible.", "type_bien": "terrain", "statut": "disponible", "adresse": "Route de la lagune", "quartier": "Impérial", "commune": "Grand-Bassam", "ville": "Grand-Bassam", "region": "", "code_postal": "", "pays": "Côte d'Ivoire", "latitude": 5.201, "longitude": -3.73, "surface_m2": "350.00", "nombre_chambres": 0, "nombre_salles_bain": 0, "nombre_etages": 1, "prix_mensuel": "0.00", "prix_vente": "13000000.00", "prix_depot_garantie": "0.00", "charges_incluses": "0.00", "equipements": [], "animaux_autorises": false, "fumeurs_acceptes": false, "photo_principale": "biens/principales/bien_10_terrain_real.jpg", "photos_additionnelles": [], "proprietaire": ["Abejakings"], "transaction_type": "vente", "date_creation": "2026-07-07T01:33:34.198Z", "date_modification": "2026-07-14T13:45:34.288Z", "date_publication": "2026-07-07T01:33:34.198Z"}}, {"model": "biens.bien", "pk": 15, "fields": {"titre": "Appartement Cocody Test", "description": "Bel appartement 2 chambres pour test.", "type_bien": "appartement", "statut": "maintenance", "adresse": "Rue des Jardins", "quartier": "", "commune": "", "ville": "Abidjan", "region": "", "code_postal": "", "pays": "Côte d'Ivoire", "latitude": null, "longitude": null, "surface_m2": "65.00", "nombre_chambres": 2, "nombre_salles_bain": 1, "nombre_etages": 1, "prix_mensuel": "150000.00", "prix_vente": null, "prix_depot_garantie": "0.00", "charges_incluses": "0.00", "equipements": [], "animaux_autorises": false, "fumeurs_acceptes": false, "photo_principale": "biens/principales/bien_15_appartement_real.jpg", "photos_additionnelles": [], "proprietaire": ["proprio_test"], "transaction_type": "location", "date_creation": "2026-07-11T14:22:54.519Z", "date_modification": "2026-07-16T02:45:16.974Z", "date_publication": null}}, {"model": "biens.bien", "pk": 16, "fields": {"titre": "Studio Cocody Angré Disponible", "description": "Studio meublé, disponible immédiatement, quartier calme.", "type_bien": "studio", "statut": "disponible", "adresse": "Angré 8e Tranche", "quartier": "", "commune": "", "ville": "Abidjan", "region": "", "code_postal": "", "pays": "Côte d'Ivoire", "latitude": null, "longitude": null, "surface_m2": "28.00", "nombre_chambres": 1, "nombre_salles_bain": 1, "nombre_etages": 1, "prix_mensuel": "75000.00", "prix_vente": null, "prix_depot_garantie": "0.00", "charges_incluses": "0.00", "equipements": ["Wifi", "Climatisation", "Parking"], "animaux_autorises": false, "fumeurs_acceptes": false, "photo_principale": "biens/principales/bien_16_studio_real.jpg", "photos_additionnelles": [], "proprietaire": ["azimuts_demo"], "transaction_type": "location", "date_creation": "2026-07-11T15:37:59.786Z", "date_modification": "2026-07-14T14:54:55.043Z", "date_publication": null}}, {"model": "biens.bien", "pk": 18, "fields": {"titre": "Curl Test Bien", "description": "test", "type_bien": "studio", "statut": "disponible", "adresse": "Rue Test", "quartier": "", "commune": "", "ville": "Abidjan", "region": "", "code_postal": "", "pays": "Côte d'Ivoire", "latitude": null, "longitude": null, "surface_m2": "20.00", "nombre_chambres": 1, "nombre_salles_bain": 1, "nombre_etages": 1, "prix_mensuel": "50000.00", "prix_vente": null, "prix_depot_garantie": "0.00", "charges_incluses": "0.00", "equipements": [], "animaux_autorises": false, "fumeurs_acceptes": false, "photo_principale": "biens/principales/bien_18_studio_real.jpg", "photos_additionnelles": [], "proprietaire": ["Abejakings"], "transaction_type": "location", "date_creation": "2026-07-11T16:19:47.653Z", "date_modification": "2026-07-14T13:45:35.929Z", "date_publication": null}}, {"model": "biens.bien", "pk": 21, "fields": {"titre": "studio meublée", "description": "studio tres jolie bingerville", "type_bien": "appartement", "statut": "disponible", "adresse": "Bingerville abidjan cote d ivoire", "quartier": "", "commune": "Bingerville", "ville": "Abidjan", "region": "", "code_postal": "", "pays": "Côte d'Ivoire", "latitude": 5.333, "longitude": 4.0, "surface_m2": "0.00", "nombre_chambres": 1, "nombre_salles_bain": 0, "nombre_etages": 1, "prix_mensuel": "45000.00", "prix_vente": null, "prix_depot_garantie": "0.00", "charges_incluses": "0.00", "equipements": [], "animaux_autorises": false, "fumeurs_acceptes": false, "photo_principale": "biens/principales/bien_21_appartement_real.jpg", "photos_additionnelles": [], "proprietaire": ["nabintoudiaby"], "transaction_type": "location", "date_creation": "2026-07-13T14:53:50.641Z", "date_modification": "2026-07-14T13:45:36.701Z", "date_publication": "2026-07-13T14:53:50.636Z"}}, {"model": "biens.bien", "pk": 23, "fields": {"titre": "Villa 4 pièces avec jardin — Angré", "description": "Belle villa familiale au calme dans un quartier résidentiel d'Angré, proche des écoles et commerces.", "type_bien": "maison", "statut": "disponible", "adresse": "Cocody, Abidjan", "quartier": "Angré", "commune": "Cocody", "ville": "Abidjan", "region": "", "code_postal": "", "pays": "Côte d'Ivoire", "latitude": null, "longitude": null, "surface_m2": "220.00", "nombre_chambres": 4, "nombre_salles_bain": 2, "nombre_etages": 1, "prix_mensuel": "380000.00", "prix_vente": null, "prix_depot_garantie": "760000.00", "charges_incluses": "0.00", "equipements": [], "animaux_autorises": false, "fumeurs_acceptes": false, "photo_principale": "biens/principales/Villa_4_pièces_avec_.jpg", "photos_additionnelles": [], "proprietaire": ["Abejakings"], "transaction_type": "location", "date_creation": "2026-07-14T15:22:36.211Z", "date_modification": "2026-07-14T15:22:36.211Z", "date_publication": "2026-07-14T15:22:34.912Z"}}, {"model": "biens.bien", "pk": 24, "fields": {"titre": "Appartement T3 climatisé — Marcory", "description": "Appartement lumineux au 3e étage, climatisation dans toutes les pièces, parking sécurisé.", "type_bien": "t3", "statut": "disponible", "adresse": "Marcory, Abidjan", "quartier": "Zone 4", "commune": "Marcory", "ville": "Abidjan", "region": "", "code_postal": "", "pays": "Côte d'Ivoire", "latitude": null, "longitude": null, "surface_m2": "85.00", "nombre_chambres": 3, "nombre_salles_bain": 2, "nombre_etages": 1, "prix_mensuel": "220000.00", "prix_vente": null, "prix_depot_garantie": "440000.00", "charges_incluses": "0.00", "equipements": [], "animaux_autorises": false, "fumeurs_acceptes": false, "photo_principale": "biens/principales/Appartement_T3_clima.jpg", "photos_additionnelles": [], "proprietaire": ["azimuts_demo"], "transaction_type": "location", "date_creation": "2026-07-14T15:22:37.151Z", "date_modification": "2026-07-14T15:22:37.151Z", "date_publication": "2026-07-14T15:22:36.218Z"}}, {"model": "biens.bien", "pk": 25, "fields": {"titre": "Studio meublé — Plateau", "description": "Studio entièrement meublé et équipé, idéal jeune cadre, à deux pas des bureaux du Plateau.", "type_bien": "studio", "statut": "disponible", "adresse": "Plateau, Abidjan", "quartier": "Plateau", "commune": "Plateau", "ville": "Abidjan", "region": "", "code_postal": "", "pays": "Côte d'Ivoire", "latitude": null, "longitude": null, "surface_m2": "32.00", "nombre_chambres": 1, "nombre_salles_bain": 1, "nombre_etages": 1, "prix_mensuel": "150000.00", "prix_vente": null, "prix_depot_garantie": "300000.00", "charges_incluses": "0.00", "equipements": [], "animaux_autorises": false, "fumeurs_acceptes": false, "photo_principale": "biens/principales/Studio_meublé__Plat.jpg", "photos_additionnelles": [], "proprietaire": ["Abejakings"], "transaction_type": "location", "date_creation": "2026-07-14T15:22:37.842Z", "date_modification": "2026-07-14T15:22:37.842Z", "date_publication": "2026-07-14T15:22:37.213Z"}}, {"model": "biens.bien", "pk": 26, "fields": {"titre": "Villa avec piscine — Grand-Bassam", "description": "Villa haut standing avec piscine privée, à quelques minutes de la plage de Grand-Bassam.", "type_bien": "maison_basse", "statut": "disponible", "adresse": "Grand-Bassam, Grand-Bassam", "quartier": "Quartier France", "commune": "Grand-Bassam", "ville": "Grand-Bassam", "region": "", "code_postal": "", "pays": "Côte d'Ivoire", "latitude": null, "longitude": null, "surface_m2": "350.00", "nombre_chambres": 5, "nombre_salles_bain": 4, "nombre_etages": 1, "prix_mensuel": "0.00", "prix_vente": "120000000.00", "prix_depot_garantie": "0.00", "charges_incluses": "0.00", "equipements": [], "animaux_autorises": false, "fumeurs_acceptes": false, "photo_principale": "biens/principales/Villa_avec_piscine_.jpg", "photos_additionnelles": [], "proprietaire": ["azimuts_demo"], "transaction_type": "vente", "date_creation": "2026-07-14T15:22:38.399Z", "date_modification": "2026-07-14T15:22:38.399Z", "date_publication": "2026-07-14T15:22:37.890Z"}}, {"model": "biens.bien", "pk": 27, "fields": {"titre": "Terrain 600 m² — Anyama", "description": "Terrain viabilisé, titre foncier disponible, idéal projet résidentiel.", "type_bien": "terrain", "statut": "disponible", "adresse": "Anyama, Abidjan", "quartier": "", "commune": "Anyama", "ville": "Abidjan", "region": "", "code_postal": "", "pays": "Côte d'Ivoire", "latitude": null, "longitude": null, "surface_m2": "600.00", "nombre_chambres": 0, "nombre_salles_bain": 0, "nombre_etages": 1, "prix_mensuel": "0.00", "prix_vente": "22000000.00", "prix_depot_garantie": "0.00", "charges_incluses": "0.00", "equipements": [], "animaux_autorises": false, "fumeurs_acceptes": false, "photo_principale": "biens/principales/Terrain_600_m²__Any.jpg", "photos_additionnelles": [], "proprietaire": ["Abejakings"], "transaction_type": "vente", "date_creation": "2026-07-14T15:22:38.772Z", "date_modification": "2026-07-14T15:22:38.772Z", "date_publication": "2026-07-14T15:22:38.441Z"}}, {"model": "biens.bien", "pk": 28, "fields": {"titre": "Terrain 1000 m² — Bingerville", "description": "Grand terrain plat proche de la voie principale, accès facile, arboré.", "type_bien": "terrain", "statut": "disponible", "adresse": "Bingerville, Abidjan", "quartier": "", "commune": "Bingerville", "ville": "Abidjan", "region": "", "code_postal": "", "pays": "Côte d'Ivoire", "latitude": null, "longitude": null, "surface_m2": "1000.00", "nombre_chambres": 0, "nombre_salles_bain": 0, "nombre_etages": 1, "prix_mensuel": "0.00", "prix_vente": "35000000.00", "prix_depot_garantie": "0.00", "charges_incluses": "0.00", "equipements": [], "animaux_autorises": false, "fumeurs_acceptes": false, "photo_principale": "biens/principales/Terrain_1000_m²__Bi.jpg", "photos_additionnelles": [], "proprietaire": ["azimuts_demo"], "transaction_type": "vente", "date_creation": "2026-07-14T15:22:39.405Z", "date_modification": "2026-07-14T15:22:39.405Z", "date_publication": "2026-07-14T15:22:38.865Z"}}, {"model": "biens.bien", "pk": 29, "fields": {"titre": "Boutique 40 m² — Adjamé", "description": "Boutique sur rue passante, forte affluence, idéale commerce de détail.", "type_bien": "boutique", "statut": "disponible", "adresse": "Adjamé, Abidjan", "quartier": "220 Logements", "commune": "Adjamé", "ville": "Abidjan", "region": "", "code_postal": "", "pays": "Côte d'Ivoire", "latitude": null, "longitude": null, "surface_m2": "40.00", "nombre_chambres": 0, "nombre_salles_bain": 1, "nombre_etages": 1, "prix_mensuel": "180000.00", "prix_vente": null, "prix_depot_garantie": "360000.00", "charges_incluses": "0.00", "equipements": [], "animaux_autorises": false, "fumeurs_acceptes": false, "photo_principale": "biens/principales/Boutique_40_m²__Adj.jpg", "photos_additionnelles": [], "proprietaire": ["Abejakings"], "transaction_type": "location", "date_creation": "2026-07-14T15:22:39.573Z", "date_modification": "2026-07-14T15:22:39.577Z", "date_publication": "2026-07-14T15:22:39.483Z"}}, {"model": "biens.bien", "pk": 30, "fields": {"titre": "Bureau 80 m² — Plateau", "description": "Espace de bureau moderne en open space, climatisé, immeuble sécurisé avec ascenseur.", "type_bien": "bureau", "statut": "disponible", "adresse": "Plateau, Abidjan", "quartier": "Plateau", "commune": "Plateau", "ville": "Abidjan", "region": "", "code_postal": "", "pays": "Côte d'Ivoire", "latitude": null, "longitude": null, "surface_m2": "80.00", "nombre_chambres": 0, "nombre_salles_bain": 1, "nombre_etages": 1, "prix_mensuel": "400000.00", "prix_vente": null, "prix_depot_garantie": "800000.00", "charges_incluses": "0.00", "equipements": [], "animaux_autorises": false, "fumeurs_acceptes": false, "photo_principale": "biens/principales/Bureau_80_m²__Plate.jpg", "photos_additionnelles": [], "proprietaire": ["azimuts_demo"], "transaction_type": "location", "date_creation": "2026-07-14T15:22:39.795Z", "date_modification": "2026-07-14T15:22:39.795Z", "date_publication": "2026-07-14T15:22:39.587Z"}}, {"model": "biens.bien", "pk": 31, "fields": {"titre": "Appartement T2 — Yopougon", "description": "Appartement fonctionnel proche des transports, quartier calme et sécurisé.", "type_bien": "t2", "statut": "disponible", "adresse": "Yopougon, Abidjan", "quartier": "Selmer", "commune": "Yopougon", "ville": "Abidjan", "region": "", "code_postal": "", "pays": "Côte d'Ivoire", "latitude": null, "longitude": null, "surface_m2": "55.00", "nombre_chambres": 2, "nombre_salles_bain": 1, "nombre_etages": 1, "prix_mensuel": "130000.00", "prix_vente": null, "prix_depot_garantie": "260000.00", "charges_incluses": "0.00", "equipements": [], "animaux_autorises": false, "fumeurs_acceptes": false, "photo_principale": "biens/principales/Appartement_T2__Yop.jpg", "photos_additionnelles": [], "proprietaire": ["Abejakings"], "transaction_type": "location", "date_creation": "2026-07-14T15:22:40.426Z", "date_modification": "2026-07-14T15:22:40.426Z", "date_publication": "2026-07-14T15:22:39.815Z"}}, {"model": "biens.bien", "pk": 32, "fields": {"titre": "Duplex moderne — Riviera 3", "description": "Duplex récent avec finitions haut de gamme, terrasse et vue dégagée.", "type_bien": "duplex", "statut": "disponible", "adresse": "Cocody, Abidjan", "quartier": "Riviera 3", "commune": "Cocody", "ville": "Abidjan", "region": "", "code_postal": "", "pays": "Côte d'Ivoire", "latitude": null, "longitude": null, "surface_m2": "210.00", "nombre_chambres": 4, "nombre_salles_bain": 3, "nombre_etages": 1, "prix_mensuel": "0.00", "prix_vente": "65000000.00", "prix_depot_garantie": "0.00", "charges_incluses": "0.00", "equipements": [], "animaux_autorises": false, "fumeurs_acceptes": false, "photo_principale": "biens/principales/Duplex_moderne__Riv.jpg", "photos_additionnelles": [], "proprietaire": ["azimuts_demo"], "transaction_type": "vente", "date_creation": "2026-07-14T15:22:40.657Z", "date_modification": "2026-07-14T15:22:40.657Z", "date_publication": "2026-07-14T15:22:40.514Z"}}, {"model": "biens.bien", "pk": 33, "fields": {"titre": "Immeuble R+3 — Cocody", "description": "Immeuble de rapport R+3 entièrement loué, excellent rendement locatif.", "type_bien": "immeuble", "statut": "disponible", "adresse": "Cocody, Abidjan", "quartier": "Danga", "commune": "Cocody", "ville": "Abidjan", "region": "", "code_postal": "", "pays": "Côte d'Ivoire", "latitude": null, "longitude": null, "surface_m2": "480.00", "nombre_chambres": 12, "nombre_salles_bain": 6, "nombre_etages": 1, "prix_mensuel": "0.00", "prix_vente": "250000000.00", "prix_depot_garantie": "0.00", "charges_incluses": "0.00", "equipements": [], "animaux_autorises": false, "fumeurs_acceptes": false, "photo_principale": "biens/principales/Immeuble_R3__Cocod.jpg", "photos_additionnelles": [], "proprietaire": ["Abejakings"], "transaction_type": "vente", "date_creation": "2026-07-14T15:22:40.933Z", "date_modification": "2026-07-14T15:22:40.933Z", "date_publication": "2026-07-14T15:22:40.743Z"}}, {"model": "biens.bien", "pk": 34, "fields": {"titre": "Résidence Les Palmiers — Bingerville", "description": "Programme neuf de 18 villas jumelées, livraison échelonnée, paiement facilité.", "type_bien": "residence", "statut": "disponible", "adresse": "Bingerville, Abidjan", "quartier": "", "commune": "Bingerville", "ville": "Abidjan", "region": "", "code_postal": "", "pays": "Côte d'Ivoire", "latitude": null, "longitude": null, "surface_m2": "90.00", "nombre_chambres": 3, "nombre_salles_bain": 2, "nombre_etages": 1, "prix_mensuel": "0.00", "prix_vente": "28000000.00", "prix_depot_garantie": "0.00", "charges_incluses": "0.00", "equipements": [], "animaux_autorises": false, "fumeurs_acceptes": false, "photo_principale": "biens/principales/Résidence_Les_Palmie.jpg", "photos_additionnelles": [], "proprietaire": ["azimuts_demo"], "transaction_type": "vente", "date_creation": "2026-07-14T15:22:42.035Z", "date_modification": "2026-07-14T15:22:42.035Z", "date_publication": "2026-07-14T15:22:40.957Z"}}, {"model": "biens.bien", "pk": 35, "fields": {"titre": "Studio climatisé — Treichville", "description": "Studio bien agencé, climatisé, proche du marché et des transports en commun.", "type_bien": "studio", "statut": "disponible", "adresse": "Treichville, Abidjan", "quartier": "Arras", "commune": "Treichville", "ville": "Abidjan", "region": "", "code_postal": "", "pays": "Côte d'Ivoire", "latitude": null, "longitude": null, "surface_m2": "30.00", "nombre_chambres": 1, "nombre_salles_bain": 1, "nombre_etages": 1, "prix_mensuel": "100000.00", "prix_vente": null, "prix_depot_garantie": "200000.00", "charges_incluses": "0.00", "equipements": [], "animaux_autorises": false, "fumeurs_acceptes": false, "photo_principale": "biens/principales/Studio_climatisé__T.jpg", "photos_additionnelles": [], "proprietaire": ["Abejakings"], "transaction_type": "location", "date_creation": "2026-07-14T15:22:42.731Z", "date_modification": "2026-07-14T15:22:42.731Z", "date_publication": "2026-07-14T15:22:42.129Z"}}, {"model": "biens.bien", "pk": 36, "fields": {"titre": "Villa 6 pièces — Riviera Golf", "description": "Grande villa familiale dans résidence fermée et sécurisée, jardin arboré.", "type_bien": "maison", "statut": "disponible", "adresse": "Cocody, Abidjan", "quartier": "Riviera Golf", "commune": "Cocody", "ville": "Abidjan", "region": "", "code_postal": "", "pays": "Côte d'Ivoire", "latitude": null, "longitude": null, "surface_m2": "300.00", "nombre_chambres": 6, "nombre_salles_bain": 4, "nombre_etages": 1, "prix_mensuel": "550000.00", "prix_vente": null, "prix_depot_garantie": "1100000.00", "charges_incluses": "0.00", "equipements": [], "animaux_autorises": false, "fumeurs_acceptes": false, "photo_principale": "biens/principales/Villa_6_pièces__Riv.jpg", "photos_additionnelles": [], "proprietaire": ["azimuts_demo"], "transaction_type": "location", "date_creation": "2026-07-14T15:22:42.831Z", "date_modification": "2026-07-14T15:22:42.831Z", "date_publication": "2026-07-14T15:22:42.815Z"}}, {"model": "biens.bien", "pk": 37, "fields": {"titre": "Magasin 100 m² — Koumassi", "description": "Local commercial spacieux sur double façade, fort potentiel commercial.", "type_bien": "magasin", "statut": "disponible", "adresse": "Koumassi, Abidjan", "quartier": "Grand Marché", "commune": "Koumassi", "ville": "Abidjan", "region": "", "code_postal": "", "pays": "Côte d'Ivoire", "latitude": null, "longitude": null, "surface_m2": "100.00", "nombre_chambres": 0, "nombre_salles_bain": 1, "nombre_etages": 1, "prix_mensuel": "300000.00", "prix_vente": null, "prix_depot_garantie": "600000.00", "charges_incluses": "0.00", "equipements": [], "animaux_autorises": false, "fumeurs_acceptes": false, "photo_principale": "biens/principales/Magasin_100_m²__Kou.jpg", "photos_additionnelles": [], "proprietaire": ["Abejakings"], "transaction_type": "location", "date_creation": "2026-07-14T15:22:42.863Z", "date_modification": "2026-07-14T15:22:42.863Z", "date_publication": "2026-07-14T15:22:42.846Z"}}, {"model": "biens.bien", "pk": 39, "fields": {"titre": "Villa", "description": "Villla 5 pieces", "type_bien": "appartement", "statut": "disponible", "adresse": "Abidjan cocody angre", "quartier": "", "commune": "", "ville": "Abidjan", "region": "", "code_postal": "", "pays": "Côte d'Ivoire", "latitude": null, "longitude": null, "surface_m2": "100.00", "nombre_chambres": 5, "nombre_salles_bain": 1, "nombre_etages": 1, "prix_mensuel": "800.00", "prix_vente": null, "prix_depot_garantie": "0.00", "charges_incluses": "0.00", "equipements": [], "animaux_autorises": false, "fumeurs_acceptes": false, "photo_principale": "biens/principales/images_7.jpg", "photos_additionnelles": [], "proprietaire": ["proprio_test"], "transaction_type": "location", "date_creation": "2026-07-16T01:17:45.957Z", "date_modification": "2026-07-16T01:17:45.957Z", "date_publication": null}}, {"model": "biens.avisbien", "pk": 2, "fields": {"bien": 8, "auteur": ["Bintoudby"], "note": 5, "commentaire": "tres bonne experience avec Abeja king! je recommande", "date_creation": "2026-07-13T15:10:38.576Z"}}, {"model": "biens.photobien", "pk": 2, "fields": {"bien": 2, "photo": "biens/photos/bien_2_detail_0.jpg", "description": "Dressing", "ordre": 0, "date_ajout": "2026-07-14T14:29:36.491Z"}}, {"model": "biens.photobien", "pk": 3, "fields": {"bien": 2, "photo": "biens/photos/bien_2_detail_1.jpg", "description": "Salle de bain", "ordre": 1, "date_ajout": "2026-07-14T14:29:36.506Z"}}, {"model": "biens.photobien", "pk": 4, "fields": {"bien": 8, "photo": "biens/photos/bien_8_detail_0.jpg", "description": "Cuisine", "ordre": 0, "date_ajout": "2026-07-14T14:29:36.525Z"}}, {"model": "biens.photobien", "pk": 5, "fields": {"bien": 8, "photo": "biens/photos/bien_8_detail_1.jpg", "description": "Salle de bain", "ordre": 1, "date_ajout": "2026-07-14T14:29:36.588Z"}}, {"model": "biens.photobien", "pk": 6, "fields": {"bien": 1, "photo": "biens/photos/bien_1_detail_0.jpg", "description": "Cuisine", "ordre": 0, "date_ajout": "2026-07-14T14:29:36.607Z"}}, {"model": "biens.photobien", "pk": 7, "fields": {"bien": 9, "photo": "biens/photos/bien_9_detail_0.jpg", "description": "Cuisine", "ordre": 0, "date_ajout": "2026-07-14T14:29:36.622Z"}}, {"model": "biens.photobien", "pk": 8, "fields": {"bien": 15, "photo": "biens/photos/bien_15_detail_0.jpg", "description": "Cuisine", "ordre": 0, "date_ajout": "2026-07-14T14:29:36.636Z"}}, {"model": "biens.photobien", "pk": 9, "fields": {"bien": 5, "photo": "biens/photos/bien_5_detail_0.jpg", "description": "Salle de bain", "ordre": 0, "date_ajout": "2026-07-14T14:29:36.694Z"}}, {"model": "biens.photobien", "pk": 10, "fields": {"bien": 16, "photo": "biens/photos/bien_16_detail_0.jpg", "description": "Cuisine", "ordre": 0, "date_ajout": "2026-07-14T14:29:36.710Z"}}, {"model": "biens.photobien", "pk": 11, "fields": {"bien": 21, "photo": "biens/photos/bien_21_detail_0.jpg", "description": "Cuisine", "ordre": 0, "date_ajout": "2026-07-14T14:29:36.727Z"}}, {"model": "biens.photobien", "pk": 12, "fields": {"bien": 4, "photo": "biens/photos/bien_4_detail_0.jpg", "description": "Interieur boutique", "ordre": 0, "date_ajout": "2026-07-14T14:29:36.755Z"}}, {"model": "biens.visite", "pk": 1, "fields": {"bien": 2, "locataire": ["Bintoudby"], "date_visite": "2026-06-18T14:01:00Z", "notes": "je souhaite visiter le weekend", "interet": false, "statut": "refusee", "date_reservation": "2026-06-28T14:01:31.850Z", "demande_annulation": false, "motif_annulation": "", "date_demande_annulation": null}}, {"model": "biens.visite", "pk": 4, "fields": {"bien": 9, "locataire": ["fatimahdby07"], "date_visite": "2026-07-10T03:33:34.243Z", "notes": "Disponible en semaine après 16h.", "interet": false, "statut": "annulee", "date_reservation": "2026-07-07T01:33:34.243Z", "demande_annulation": false, "motif_annulation": "", "date_demande_annulation": null}}, {"model": "biens.visite", "pk": 5, "fields": {"bien": 10, "locataire": ["Bintoudby"], "date_visite": "2026-12-12T13:00:00Z", "notes": "je souhaite visiter le terrain", "interet": false, "statut": "confirmee", "date_reservation": "2026-07-08T10:14:23.533Z", "demande_annulation": false, "motif_annulation": "", "date_demande_annulation": null}}, {"model": "biens.visite", "pk": 8, "fields": {"bien": 16, "locataire": ["oumar"], "date_visite": "2026-08-01T10:00:00Z", "notes": "test", "interet": true, "statut": "confirmee", "date_reservation": "2026-07-14T13:25:43.345Z", "demande_annulation": false, "motif_annulation": "", "date_demande_annulation": null}}, {"model": "biens.visite", "pk": 9, "fields": {"bien": 16, "locataire": ["oumar"], "date_visite": "2026-07-17T13:45:08.297Z", "notes": "Test intégration", "interet": true, "statut": "en_attente", "date_reservation": "2026-07-14T13:45:08.369Z", "demande_annulation": false, "motif_annulation": "", "date_demande_annulation": null}}, {"model": "biens.visite", "pk": 10, "fields": {"bien": 16, "locataire": ["oumar"], "date_visite": "2026-07-17T14:06:50.197Z", "notes": "Test intégration", "interet": true, "statut": "en_attente", "date_reservation": "2026-07-14T14:06:50.288Z", "demande_annulation": false, "motif_annulation": "", "date_demande_annulation": null}}, {"model": "biens.visite", "pk": 11, "fields": {"bien": 16, "locataire": ["oumar"], "date_visite": "2026-07-17T16:50:21.534Z", "notes": "Test intégration", "interet": true, "statut": "en_attente", "date_reservation": "2026-07-14T16:50:21.599Z", "demande_annulation": false, "motif_annulation": "", "date_demande_annulation": null}}, {"model": "biens.visite", "pk": 14, "fields": {"bien": 16, "locataire": ["oumar"], "date_visite": "2026-07-19T00:50:24.304Z", "notes": "Test intégration", "interet": true, "statut": "en_attente", "date_reservation": "2026-07-16T00:50:24.408Z", "demande_annulation": false, "motif_annulation": "", "date_demande_annulation": null}}, {"model": "biens.visite", "pk": 15, "fields": {"bien": 16, "locataire": ["oumar"], "date_visite": "2026-07-19T01:28:17.416Z", "notes": "Test intégration", "interet": true, "statut": "en_attente", "date_reservation": "2026-07-16T01:28:17.472Z", "demande_annulation": false, "motif_annulation": "", "date_demande_annulation": null}}, {"model": "biens.visite", "pk": 16, "fields": {"bien": 16, "locataire": ["oumar"], "date_visite": "2026-07-19T02:05:20.107Z", "notes": "Test intégration", "interet": true, "statut": "en_attente", "date_reservation": "2026-07-16T02:05:20.141Z", "demande_annulation": false, "motif_annulation": "", "date_demande_annulation": null}}, {"model": "biens.visite", "pk": 17, "fields": {"bien": 16, "locataire": ["oumar"], "date_visite": "2026-07-19T14:14:04.524Z", "notes": "Test intégration", "interet": true, "statut": "en_attente", "date_reservation": "2026-07-16T14:14:04.594Z", "demande_annulation": false, "motif_annulation": "", "date_demande_annulation": null}}, {"model": "biens.reservation", "pk": 2, "fields": {"bien": 5, "client": ["Bintoudby"], "statut": "confirmee", "sans_visite": false, "date_expiration": null, "montant_acompte": null, "notes": "", "date_creation": "2026-07-08T00:38:00.904Z", "date_modification": "2026-07-08T00:38:00.904Z"}}, {"model": "biens.reservation", "pk": 6, "fields": {"bien": 1, "client": ["Bintoudby"], "statut": "confirmee", "sans_visite": false, "date_expiration": null, "montant_acompte": null, "notes": "", "date_creation": "2026-07-12T16:14:20.698Z", "date_modification": "2026-07-12T16:14:20.698Z"}}, {"model": "biens.reservation", "pk": 9, "fields": {"bien": 4, "client": ["Bintoudby"], "statut": "confirmee", "sans_visite": true, "date_expiration": "2026-07-15T18:48:49.846Z", "montant_acompte": null, "notes": "", "date_creation": "2026-07-12T18:45:32.292Z", "date_modification": "2026-07-12T18:45:32.292Z"}}, {"model": "biens.reservation", "pk": 13, "fields": {"bien": 36, "client": ["fatimahdby07"], "statut": "confirmee", "sans_visite": true, "date_expiration": "2026-07-18T02:40:44.165Z", "montant_acompte": null, "notes": "", "date_creation": "2026-07-15T02:40:12.999Z", "date_modification": "2026-07-15T02:40:12.999Z"}}, {"model": "contrats.contrat", "pk": 3, "fields": {"numero_contrat": "CONTRAT-BASSAM-0001", "bien": 8, "proprietaire": ["Abejakings"], "locataire": ["Bintoudby"], "reservation": null, "date_debut": "2026-05-08", "date_fin": "2027-05-08", "date_envoi_signature": null, "date_signature": "2026-05-08T01:33:34.212Z", "statut": "en_cours", "prix_mensuel": "350000.00", "prix_depot_garantie": "700000.00", "charges_mensuelles": "0.00", "statut_caution": "non_traitee", "montant_caution_rembourse": "0.00", "motif_retenue_caution": "", "date_remboursement_caution": null, "nombre_mois_minimum": 12, "jour_paiement": 1, "modalites_resilition": null, "conditions_speciales": null, "jours_avant_rappel": 7, "jours_avant_frais": 14, "montant_frais_retard": "0.00", "jours_avant_mise_en_demeure": 21, "texte_contrat_signe": "", "est_archive": false, "date_resiliation": null, "motif_resiliation": "", "fichier_contrat": "", "date_creation": "2026-07-07T01:33:34.212Z", "date_modification": "2026-07-08T00:09:25.684Z"}}, {"model": "contrats.contrat", "pk": 6, "fields": {"numero_contrat": "CONTRAT-20260708104717", "bien": 9, "proprietaire": ["Abejakings"], "locataire": ["fatimahdby07"], "reservation": null, "date_debut": "2026-06-08", "date_fin": "2027-06-08", "date_envoi_signature": null, "date_signature": "2026-07-08T10:47:17.029Z", "statut": "en_cours", "prix_mensuel": "150000.00", "prix_depot_garantie": "300000.00", "charges_mensuelles": "0.00", "statut_caution": "non_traitee", "montant_caution_rembourse": "0.00", "motif_retenue_caution": "", "date_remboursement_caution": null, "nombre_mois_minimum": 12, "jour_paiement": 1, "modalites_resilition": null, "conditions_speciales": null, "jours_avant_rappel": 7, "jours_avant_frais": 14, "montant_frais_retard": "0.00", "jours_avant_mise_en_demeure": 21, "texte_contrat_signe": "", "est_archive": false, "date_resiliation": null, "motif_resiliation": "", "fichier_contrat": "", "date_creation": "2026-07-08T10:47:17.029Z", "date_modification": "2026-07-08T10:47:17.029Z"}}, {"model": "contrats.contrat", "pk": 19, "fields": {"numero_contrat": "TEST-CTR-0001", "bien": 15, "proprietaire": ["proprio_test"], "locataire": ["oumar"], "reservation": null, "date_debut": "2026-05-12", "date_fin": "2027-05-12", "date_envoi_signature": null, "date_signature": null, "statut": "en_cours", "prix_mensuel": "150000.00", "prix_depot_garantie": "300000.00", "charges_mensuelles": "0.00", "statut_caution": "non_traitee", "montant_caution_rembourse": "0.00", "motif_retenue_caution": "", "date_remboursement_caution": null, "nombre_mois_minimum": 12, "jour_paiement": 1, "modalites_resilition": null, "conditions_speciales": null, "jours_avant_rappel": 7, "jours_avant_frais": 14, "montant_frais_retard": "0.00", "jours_avant_mise_en_demeure": 21, "texte_contrat_signe": "", "est_archive": false, "date_resiliation": null, "motif_resiliation": "", "fichier_contrat": "", "date_creation": "2026-07-11T14:22:54.533Z", "date_modification": "2026-07-11T14:22:54.533Z"}}, {"model": "contrats.contrat", "pk": 21, "fields": {"numero_contrat": "CONTRAT-20260712161613", "bien": 1, "proprietaire": ["azimuts_demo"], "locataire": ["Bintoudby"], "reservation": 6, "date_debut": "2026-07-12", "date_fin": "2027-07-12", "date_envoi_signature": null, "date_signature": null, "statut": "brouillon", "prix_mensuel": "450000.00", "prix_depot_garantie": "900000.00", "charges_mensuelles": "0.00", "statut_caution": "non_traitee", "montant_caution_rembourse": "0.00", "motif_retenue_caution": "", "date_remboursement_caution": null, "nombre_mois_minimum": 12, "jour_paiement": 5, "modalites_resilition": null, "conditions_speciales": "", "jours_avant_rappel": 7, "jours_avant_frais": 14, "montant_frais_retard": "0.00", "jours_avant_mise_en_demeure": 21, "texte_contrat_signe": "", "est_archive": false, "date_resiliation": null, "motif_resiliation": "", "fichier_contrat": "", "date_creation": "2026-07-12T16:16:13.554Z", "date_modification": "2026-07-12T16:31:43.462Z"}}, {"model": "contrats.contrat", "pk": 23, "fields": {"numero_contrat": "CONTRAT-20260712184849", "bien": 4, "proprietaire": ["azimuts_demo"], "locataire": ["Bintoudby"], "reservation": 9, "date_debut": "2026-07-12", "date_fin": "2027-07-12", "date_envoi_signature": "2026-07-12T18:49:54.645Z", "date_signature": "2026-07-12T18:50:48.385Z", "statut": "en_cours", "prix_mensuel": "250000.00", "prix_depot_garantie": "0.00", "charges_mensuelles": "0.00", "statut_caution": "remboursee", "montant_caution_rembourse": "0.00", "motif_retenue_caution": "", "date_remboursement_caution": "2026-07-12", "nombre_mois_minimum": 12, "jour_paiement": 1, "modalites_resilition": null, "conditions_speciales": "a lire dans le contrat", "jours_avant_rappel": 7, "jours_avant_frais": 14, "montant_frais_retard": "0.00", "jours_avant_mise_en_demeure": 21, "texte_contrat_signe": "Article 1 — Objet du contrat\nLe présent contrat a pour objet la location, par Azimuts SARL (le bailleur) à bintou Diaby (le locataire), du bien suivant : Boutique 60 m² sur grande voie – Yopougon, situé Grande voie, Yopougon, Yopougon, Abidjan, d'une superficie de 60.00 m², comportant 0 chambre(s) et 1 salle(s) de bain.\n\nArticle 2 — Durée\nLe présent contrat est conclu pour une durée de 12 mois, à compter du 12/07/2026 jusqu'au 12/07/2027.\n\nArticle 3 — Montant du loyer\nLe loyer mensuel est fixé à 250 000 FCFA.\n\nArticle 4 — Paiement\nLe loyer est payable d'avance, au plus tard le 1 de chaque mois, par tout moyen de paiement accepté par le bailleur (mobile money, carte bancaire, espèces sur rendez-vous convenu, ou virement bancaire).\n\nArticle 5 — Dépôt de garantie\nAucun dépôt de garantie n'est exigé pour ce contrat.\n\nArticle 6 — Obligations du bailleur\nLe bailleur s'engage à délivrer un logement en bon état d'usage et de réparation, à en assurer la jouissance paisible au locataire, et à prendre en charge les grosses réparations (structure, toiture, gros équipements) qui ne résultent pas d'une négligence du locataire.\n\nArticle 7 — Obligations du locataire\nLe locataire s'engage à payer le loyer et les charges aux échéances convenues, à user paisiblement des lieux loués, à ne pas les sous-louer sans accord écrit préalable du bailleur, et à signaler sans délai toute dégradation ou dysfonctionnement constaté.\n\nArticle 8 — Entretien du logement\nLe locataire assure l'entretien courant du logement (menues réparations, propreté, équipements du quotidien). Le bailleur reste responsable des réparations relevant de la structure du bâtiment ou de l'usure normale des gros équipements.\n\nArticle 9 — Résiliation\nChaque partie peut résilier le présent contrat moyennant un préavis écrit d'au moins un (1) mois, sauf disposition contraire prévue par la législation en vigueur ou accord exprès entre les parties.\n\nArticle 10 — Retards de paiement\nLe loyer est payable au plus tard le 1 de chaque mois. En cas de retard de paiement, les dispositions suivantes s'appliquent :\n– Après 7 jour(s) de retard : envoi d'un rappel de paiement au locataire.\n– Après 21 jour(s) de retard : envoi d'une convocation invitant le locataire à régulariser sa situation auprès du bailleur.\nEn cas de non-régularisation après convocation, le bailleur pourra engager les démarches prévues par le présent contrat et par la législation en vigueur.\n\nArticle 11 — Conditions particulières\na lire dans le contrat", "est_archive": false, "date_resiliation": null, "motif_resiliation": "", "fichier_contrat": "", "date_creation": "2026-07-12T18:48:49.853Z", "date_modification": "2026-07-12T18:50:48.385Z"}}, {"model": "contrats.contrat", "pk": 24, "fields": {"numero_contrat": "CONTRAT-20260715024044", "bien": 36, "proprietaire": ["azimuts_demo"], "locataire": ["fatimahdby07"], "reservation": 13, "date_debut": "2026-07-15", "date_fin": "2027-07-15", "date_envoi_signature": "2026-07-15T02:41:39.160Z", "date_signature": "2026-07-15T02:42:37.800Z", "statut": "resilie", "prix_mensuel": "550000.00", "prix_depot_garantie": "0.00", "charges_mensuelles": "0.00", "statut_caution": "retenue", "montant_caution_rembourse": "1000000.00", "motif_retenue_caution": "", "date_remboursement_caution": "2026-07-15", "nombre_mois_minimum": 12, "jour_paiement": 1, "modalites_resilition": null, "conditions_speciales": "", "jours_avant_rappel": 7, "jours_avant_frais": 14, "montant_frais_retard": "0.00", "jours_avant_mise_en_demeure": 21, "texte_contrat_signe": "Article 1 — Objet du contrat\nLe présent contrat a pour objet la location, par Azimuts SARL (le bailleur) à Fatimah Dby (le locataire), du bien suivant : Villa 6 pièces — Riviera Golf, situé Cocody, Abidjan, Cocody, Abidjan, d'une superficie de 300.00 m², comportant 6 chambre(s) et 4 salle(s) de bain.\n\nArticle 2 — Durée\nLe présent contrat est conclu pour une durée de 12 mois, à compter du 15/07/2026 jusqu'au 15/07/2027.\n\nArticle 3 — Montant du loyer\nLe loyer mensuel est fixé à 550 000 FCFA.\n\nArticle 4 — Paiement\nLe loyer est payable d'avance, au plus tard le 1 de chaque mois, par tout moyen de paiement accepté par le bailleur (mobile money, carte bancaire, espèces sur rendez-vous convenu, ou virement bancaire).\n\nArticle 5 — Dépôt de garantie\nAucun dépôt de garantie n'est exigé pour ce contrat.\n\nArticle 6 — Obligations du bailleur\nLe bailleur s'engage à délivrer un logement en bon état d'usage et de réparation, à en assurer la jouissance paisible au locataire, et à prendre en charge les grosses réparations (structure, toiture, gros équipements) qui ne résultent pas d'une négligence du locataire.\n\nArticle 7 — Obligations du locataire\nLe locataire s'engage à payer le loyer et les charges aux échéances convenues, à user paisiblement des lieux loués, à ne pas les sous-louer sans accord écrit préalable du bailleur, et à signaler sans délai toute dégradation ou dysfonctionnement constaté.\n\nArticle 8 — Entretien du logement\nLe locataire assure l'entretien courant du logement (menues réparations, propreté, équipements du quotidien). Le bailleur reste responsable des réparations relevant de la structure du bâtiment ou de l'usure normale des gros équipements.\n\nArticle 9 — Résiliation\nChaque partie peut résilier le présent contrat moyennant un préavis écrit d'au moins un (1) mois, sauf disposition contraire prévue par la législation en vigueur ou accord exprès entre les parties.\n\nArticle 10 — Retards de paiement\nLe loyer est payable au plus tard le 1 de chaque mois. En cas de retard de paiement, les dispositions suivantes s'appliquent :\n– Après 7 jour(s) de retard : envoi d'un rappel de paiement au locataire.\n– Après 21 jour(s) de retard : envoi d'une mise en demeure invitant le locataire à régulariser sa situation dans un délai fixé par le bailleur.\nEn l'absence de régularisation à l'issue de ce délai, le bailleur pourra engager les démarches prévues par le présent contrat et par la législation en vigueur.", "est_archive": false, "date_resiliation": "2026-07-15T02:44:40.586Z", "motif_resiliation": "arnaque", "fichier_contrat": "", "date_creation": "2026-07-15T02:40:44.168Z", "date_modification": "2026-07-15T02:42:37.800Z"}}, {"model": "contrats.paiement", "pk": 14, "fields": {"contrat": 3, "mois": "2026-05-01", "montant_du": "350000.00", "montant_recu": "350000.00", "date_limite": "2026-05-01", "date_paiement": "2026-07-12", "statut": "recu", "raison_retard": null, "montant_penalites": "0.00", "date_rappel_retard_envoye": null, "date_frais_appliques": null, "date_alerte_grave_envoyee": null, "date_creation": "2026-07-07T01:33:34.212Z", "date_modification": "2026-07-12T11:17:03.088Z"}}, {"model": "contrats.paiement", "pk": 15, "fields": {"contrat": 3, "mois": "2026-06-01", "montant_du": "350000.00", "montant_recu": "350000.00", "date_limite": "2026-06-01", "date_paiement": "2026-07-12", "statut": "recu", "raison_retard": null, "montant_penalites": "0.00", "date_rappel_retard_envoye": null, "date_frais_appliques": null, "date_alerte_grave_envoyee": null, "date_creation": "2026-07-07T01:33:34.212Z", "date_modification": "2026-07-12T11:16:18.837Z"}}, {"model": "contrats.paiement", "pk": 17, "fields": {"contrat": 3, "mois": "2026-08-01", "montant_du": "350000.00", "montant_recu": "0.00", "date_limite": "2026-08-01", "date_paiement": null, "statut": "en_attente", "raison_retard": null, "montant_penalites": "0.00", "date_rappel_retard_envoye": null, "date_frais_appliques": null, "date_alerte_grave_envoyee": null, "date_creation": "2026-07-07T01:33:34.212Z", "date_modification": "2026-07-07T01:33:34.212Z"}}, {"model": "contrats.paiement", "pk": 18, "fields": {"contrat": 3, "mois": "2026-09-01", "montant_du": "350000.00", "montant_recu": "0.00", "date_limite": "2026-09-01", "date_paiement": null, "statut": "en_attente", "raison_retard": null, "montant_penalites": "0.00", "date_rappel_retard_envoye": null, "date_frais_appliques": null, "date_alerte_grave_envoyee": null, "date_creation": "2026-07-07T01:33:34.212Z", "date_modification": "2026-07-07T01:33:34.212Z"}}, {"model": "contrats.paiement", "pk": 19, "fields": {"contrat": 3, "mois": "2026-10-01", "montant_du": "350000.00", "montant_recu": "0.00", "date_limite": "2026-10-01", "date_paiement": null, "statut": "en_attente", "raison_retard": null, "montant_penalites": "0.00", "date_rappel_retard_envoye": null, "date_frais_appliques": null, "date_alerte_grave_envoyee": null, "date_creation": "2026-07-07T01:33:34.212Z", "date_modification": "2026-07-07T01:33:34.212Z"}}, {"model": "contrats.paiement", "pk": 20, "fields": {"contrat": 3, "mois": "2026-11-01", "montant_du": "350000.00", "montant_recu": "0.00", "date_limite": "2026-11-01", "date_paiement": null, "statut": "en_attente", "raison_retard": null, "montant_penalites": "0.00", "date_rappel_retard_envoye": null, "date_frais_appliques": null, "date_alerte_grave_envoyee": null, "date_creation": "2026-07-07T01:33:34.212Z", "date_modification": "2026-07-07T01:33:34.212Z"}}, {"model": "contrats.paiement", "pk": 21, "fields": {"contrat": 3, "mois": "2026-12-01", "montant_du": "350000.00", "montant_recu": "0.00", "date_limite": "2026-12-01", "date_paiement": null, "statut": "en_attente", "raison_retard": null, "montant_penalites": "0.00", "date_rappel_retard_envoye": null, "date_frais_appliques": null, "date_alerte_grave_envoyee": null, "date_creation": "2026-07-07T01:33:34.228Z", "date_modification": "2026-07-07T01:33:34.228Z"}}, {"model": "contrats.paiement", "pk": 22, "fields": {"contrat": 3, "mois": "2027-01-01", "montant_du": "350000.00", "montant_recu": "0.00", "date_limite": "2027-01-01", "date_paiement": null, "statut": "en_attente", "raison_retard": null, "montant_penalites": "0.00", "date_rappel_retard_envoye": null, "date_frais_appliques": null, "date_alerte_grave_envoyee": null, "date_creation": "2026-07-07T01:33:34.228Z", "date_modification": "2026-07-07T01:33:34.228Z"}}, {"model": "contrats.paiement", "pk": 23, "fields": {"contrat": 3, "mois": "2027-02-01", "montant_du": "350000.00", "montant_recu": "0.00", "date_limite": "2027-02-01", "date_paiement": null, "statut": "en_attente", "raison_retard": null, "montant_penalites": "0.00", "date_rappel_retard_envoye": null, "date_frais_appliques": null, "date_alerte_grave_envoyee": null, "date_creation": "2026-07-07T01:33:34.228Z", "date_modification": "2026-07-07T01:33:34.228Z"}}, {"model": "contrats.paiement", "pk": 24, "fields": {"contrat": 3, "mois": "2027-03-01", "montant_du": "350000.00", "montant_recu": "0.00", "date_limite": "2027-03-01", "date_paiement": null, "statut": "en_attente", "raison_retard": null, "montant_penalites": "0.00", "date_rappel_retard_envoye": null, "date_frais_appliques": null, "date_alerte_grave_envoyee": null, "date_creation": "2026-07-07T01:33:34.228Z", "date_modification": "2026-07-07T01:33:34.228Z"}}, {"model": "contrats.paiement", "pk": 25, "fields": {"contrat": 3, "mois": "2027-04-01", "montant_du": "350000.00", "montant_recu": "0.00", "date_limite": "2027-04-01", "date_paiement": null, "statut": "en_attente", "raison_retard": null, "montant_penalites": "0.00", "date_rappel_retard_envoye": null, "date_frais_appliques": null, "date_alerte_grave_envoyee": null, "date_creation": "2026-07-07T01:33:34.228Z", "date_modification": "2026-07-07T01:33:34.228Z"}}, {"model": "contrats.paiement", "pk": 26, "fields": {"contrat": 3, "mois": "2027-05-01", "montant_du": "350000.00", "montant_recu": "0.00", "date_limite": "2027-05-01", "date_paiement": null, "statut": "en_attente", "raison_retard": null, "montant_penalites": "0.00", "date_rappel_retard_envoye": null, "date_frais_appliques": null, "date_alerte_grave_envoyee": null, "date_creation": "2026-07-07T01:33:34.228Z", "date_modification": "2026-07-07T01:33:34.228Z"}}, {"model": "contrats.paiement", "pk": 55, "fields": {"contrat": 6, "mois": "2026-08-01", "montant_du": "150000.00", "montant_recu": "0.00", "date_limite": "2026-08-01", "date_paiement": null, "statut": "en_attente", "raison_retard": null, "montant_penalites": "0.00", "date_rappel_retard_envoye": null, "date_frais_appliques": null, "date_alerte_grave_envoyee": null, "date_creation": "2026-07-08T10:47:17.121Z", "date_modification": "2026-07-08T10:47:17.121Z"}}, {"model": "contrats.paiement", "pk": 56, "fields": {"contrat": 6, "mois": "2026-09-01", "montant_du": "150000.00", "montant_recu": "0.00", "date_limite": "2026-09-01", "date_paiement": null, "statut": "en_attente", "raison_retard": null, "montant_penalites": "0.00", "date_rappel_retard_envoye": null, "date_frais_appliques": null, "date_alerte_grave_envoyee": null, "date_creation": "2026-07-08T10:47:17.128Z", "date_modification": "2026-07-08T10:47:17.128Z"}}, {"model": "contrats.paiement", "pk": 57, "fields": {"contrat": 6, "mois": "2026-10-01", "montant_du": "150000.00", "montant_recu": "0.00", "date_limite": "2026-10-01", "date_paiement": null, "statut": "en_attente", "raison_retard": null, "montant_penalites": "0.00", "date_rappel_retard_envoye": null, "date_frais_appliques": null, "date_alerte_grave_envoyee": null, "date_creation": "2026-07-08T10:47:17.137Z", "date_modification": "2026-07-08T10:47:17.137Z"}}, {"model": "contrats.paiement", "pk": 58, "fields": {"contrat": 6, "mois": "2026-11-01", "montant_du": "150000.00", "montant_recu": "0.00", "date_limite": "2026-11-01", "date_paiement": null, "statut": "en_attente", "raison_retard": null, "montant_penalites": "0.00", "date_rappel_retard_envoye": null, "date_frais_appliques": null, "date_alerte_grave_envoyee": null, "date_creation": "2026-07-08T10:47:17.143Z", "date_modification": "2026-07-08T10:47:17.143Z"}}, {"model": "contrats.paiement", "pk": 59, "fields": {"contrat": 6, "mois": "2026-12-01", "montant_du": "150000.00", "montant_recu": "0.00", "date_limite": "2026-12-01", "date_paiement": null, "statut": "en_attente", "raison_retard": null, "montant_penalites": "0.00", "date_rappel_retard_envoye": null, "date_frais_appliques": null, "date_alerte_grave_envoyee": null, "date_creation": "2026-07-08T10:47:17.156Z", "date_modification": "2026-07-08T10:47:17.156Z"}}, {"model": "contrats.paiement", "pk": 60, "fields": {"contrat": 6, "mois": "2027-01-01", "montant_du": "150000.00", "montant_recu": "0.00", "date_limite": "2027-01-01", "date_paiement": null, "statut": "en_attente", "raison_retard": null, "montant_penalites": "0.00", "date_rappel_retard_envoye": null, "date_frais_appliques": null, "date_alerte_grave_envoyee": null, "date_creation": "2026-07-08T10:47:17.156Z", "date_modification": "2026-07-08T10:47:17.156Z"}}, {"model": "contrats.paiement", "pk": 61, "fields": {"contrat": 6, "mois": "2027-02-01", "montant_du": "150000.00", "montant_recu": "0.00", "date_limite": "2027-02-01", "date_paiement": null, "statut": "en_attente", "raison_retard": null, "montant_penalites": "0.00", "date_rappel_retard_envoye": null, "date_frais_appliques": null, "date_alerte_grave_envoyee": null, "date_creation": "2026-07-08T10:47:17.170Z", "date_modification": "2026-07-08T10:47:17.170Z"}}, {"model": "contrats.paiement", "pk": 62, "fields": {"contrat": 6, "mois": "2027-03-01", "montant_du": "150000.00", "montant_recu": "0.00", "date_limite": "2027-03-01", "date_paiement": null, "statut": "en_attente", "raison_retard": null, "montant_penalites": "0.00", "date_rappel_retard_envoye": null, "date_frais_appliques": null, "date_alerte_grave_envoyee": null, "date_creation": "2026-07-08T10:47:17.170Z", "date_modification": "2026-07-08T10:47:17.170Z"}}, {"model": "contrats.paiement", "pk": 63, "fields": {"contrat": 6, "mois": "2027-04-01", "montant_du": "150000.00", "montant_recu": "0.00", "date_limite": "2027-04-01", "date_paiement": null, "statut": "en_attente", "raison_retard": null, "montant_penalites": "0.00", "date_rappel_retard_envoye": null, "date_frais_appliques": null, "date_alerte_grave_envoyee": null, "date_creation": "2026-07-08T10:47:17.182Z", "date_modification": "2026-07-08T10:47:17.182Z"}}, {"model": "contrats.paiement", "pk": 64, "fields": {"contrat": 6, "mois": "2027-05-01", "montant_du": "150000.00", "montant_recu": "0.00", "date_limite": "2027-05-01", "date_paiement": null, "statut": "en_attente", "raison_retard": null, "montant_penalites": "0.00", "date_rappel_retard_envoye": null, "date_frais_appliques": null, "date_alerte_grave_envoyee": null, "date_creation": "2026-07-08T10:47:17.190Z", "date_modification": "2026-07-08T10:47:17.190Z"}}, {"model": "contrats.paiement", "pk": 65, "fields": {"contrat": 6, "mois": "2027-06-01", "montant_du": "150000.00", "montant_recu": "0.00", "date_limite": "2027-06-01", "date_paiement": null, "statut": "en_attente", "raison_retard": null, "montant_penalites": "0.00", "date_rappel_retard_envoye": null, "date_frais_appliques": null, "date_alerte_grave_envoyee": null, "date_creation": "2026-07-08T10:47:17.196Z", "date_modification": "2026-07-08T10:47:17.199Z"}}, {"model": "contrats.paiement", "pk": 93, "fields": {"contrat": 6, "mois": "2026-07-01", "montant_du": "150000.00", "montant_recu": "150000.00", "date_limite": "2026-07-01", "date_paiement": "2026-07-12", "statut": "recu", "raison_retard": null, "montant_penalites": "0.00", "date_rappel_retard_envoye": null, "date_frais_appliques": null, "date_alerte_grave_envoyee": null, "date_creation": "2026-07-09T20:58:09.054Z", "date_modification": "2026-07-12T16:48:44.515Z"}}, {"model": "contrats.paiement", "pk": 94, "fields": {"contrat": 3, "mois": "2026-07-01", "montant_du": "350000.00", "montant_recu": "350000.00", "date_limite": "2026-07-01", "date_paiement": "2026-07-12", "statut": "recu", "raison_retard": null, "montant_penalites": "0.00", "date_rappel_retard_envoye": null, "date_frais_appliques": null, "date_alerte_grave_envoyee": null, "date_creation": "2026-07-09T20:58:09.115Z", "date_modification": "2026-07-12T13:55:25.251Z"}}, {"model": "contrats.paiement", "pk": 285, "fields": {"contrat": 19, "mois": "2026-05-01", "montant_du": "150000.00", "montant_recu": "150000.00", "date_limite": "2026-05-01", "date_paiement": "2026-07-11", "statut": "recu", "raison_retard": null, "montant_penalites": "0.00", "date_rappel_retard_envoye": null, "date_frais_appliques": null, "date_alerte_grave_envoyee": null, "date_creation": "2026-07-11T14:22:54.536Z", "date_modification": "2026-07-11T15:16:12.028Z"}}, {"model": "contrats.paiement", "pk": 286, "fields": {"contrat": 19, "mois": "2026-06-01", "montant_du": "150000.00", "montant_recu": "0.00", "date_limite": "2026-06-01", "date_paiement": null, "statut": "en_attente", "raison_retard": null, "montant_penalites": "0.00", "date_rappel_retard_envoye": null, "date_frais_appliques": null, "date_alerte_grave_envoyee": null, "date_creation": "2026-07-11T14:22:54.536Z", "date_modification": "2026-07-11T14:22:54.536Z"}}, {"model": "contrats.paiement", "pk": 287, "fields": {"contrat": 19, "mois": "2026-07-01", "montant_du": "150000.00", "montant_recu": "0.00", "date_limite": "2026-07-01", "date_paiement": null, "statut": "en_attente", "raison_retard": null, "montant_penalites": "0.00", "date_rappel_retard_envoye": null, "date_frais_appliques": null, "date_alerte_grave_envoyee": null, "date_creation": "2026-07-11T14:22:54.536Z", "date_modification": "2026-07-11T14:22:54.536Z"}}, {"model": "contrats.paiement", "pk": 288, "fields": {"contrat": 19, "mois": "2026-08-01", "montant_du": "150000.00", "montant_recu": "0.00", "date_limite": "2026-08-01", "date_paiement": null, "statut": "en_attente", "raison_retard": null, "montant_penalites": "0.00", "date_rappel_retard_envoye": null, "date_frais_appliques": null, "date_alerte_grave_envoyee": null, "date_creation": "2026-07-11T14:22:54.536Z", "date_modification": "2026-07-11T14:22:54.536Z"}}, {"model": "contrats.paiement", "pk": 289, "fields": {"contrat": 19, "mois": "2026-09-01", "montant_du": "150000.00", "montant_recu": "0.00", "date_limite": "2026-09-01", "date_paiement": null, "statut": "en_attente", "raison_retard": null, "montant_penalites": "0.00", "date_rappel_retard_envoye": null, "date_frais_appliques": null, "date_alerte_grave_envoyee": null, "date_creation": "2026-07-11T14:22:54.536Z", "date_modification": "2026-07-11T14:22:54.536Z"}}, {"model": "contrats.paiement", "pk": 290, "fields": {"contrat": 19, "mois": "2026-10-01", "montant_du": "150000.00", "montant_recu": "0.00", "date_limite": "2026-10-01", "date_paiement": null, "statut": "en_attente", "raison_retard": null, "montant_penalites": "0.00", "date_rappel_retard_envoye": null, "date_frais_appliques": null, "date_alerte_grave_envoyee": null, "date_creation": "2026-07-11T14:22:54.536Z", "date_modification": "2026-07-11T14:22:54.536Z"}}, {"model": "contrats.paiement", "pk": 291, "fields": {"contrat": 19, "mois": "2026-11-01", "montant_du": "150000.00", "montant_recu": "0.00", "date_limite": "2026-11-01", "date_paiement": null, "statut": "en_attente", "raison_retard": null, "montant_penalites": "0.00", "date_rappel_retard_envoye": null, "date_frais_appliques": null, "date_alerte_grave_envoyee": null, "date_creation": "2026-07-11T14:22:54.536Z", "date_modification": "2026-07-11T14:22:54.536Z"}}, {"model": "contrats.paiement", "pk": 292, "fields": {"contrat": 19, "mois": "2026-12-01", "montant_du": "150000.00", "montant_recu": "0.00", "date_limite": "2026-12-01", "date_paiement": null, "statut": "en_attente", "raison_retard": null, "montant_penalites": "0.00", "date_rappel_retard_envoye": null, "date_frais_appliques": null, "date_alerte_grave_envoyee": null, "date_creation": "2026-07-11T14:22:54.536Z", "date_modification": "2026-07-11T14:22:54.536Z"}}, {"model": "contrats.paiement", "pk": 293, "fields": {"contrat": 19, "mois": "2027-01-01", "montant_du": "150000.00", "montant_recu": "0.00", "date_limite": "2027-01-01", "date_paiement": null, "statut": "en_attente", "raison_retard": null, "montant_penalites": "0.00", "date_rappel_retard_envoye": null, "date_frais_appliques": null, "date_alerte_grave_envoyee": null, "date_creation": "2026-07-11T14:22:54.536Z", "date_modification": "2026-07-11T14:22:54.536Z"}}, {"model": "contrats.paiement", "pk": 294, "fields": {"contrat": 19, "mois": "2027-02-01", "montant_du": "150000.00", "montant_recu": "0.00", "date_limite": "2027-02-01", "date_paiement": null, "statut": "en_attente", "raison_retard": null, "montant_penalites": "0.00", "date_rappel_retard_envoye": null, "date_frais_appliques": null, "date_alerte_grave_envoyee": null, "date_creation": "2026-07-11T14:22:54.536Z", "date_modification": "2026-07-11T14:22:54.536Z"}}, {"model": "contrats.paiement", "pk": 295, "fields": {"contrat": 19, "mois": "2027-03-01", "montant_du": "150000.00", "montant_recu": "0.00", "date_limite": "2027-03-01", "date_paiement": null, "statut": "en_attente", "raison_retard": null, "montant_penalites": "0.00", "date_rappel_retard_envoye": null, "date_frais_appliques": null, "date_alerte_grave_envoyee": null, "date_creation": "2026-07-11T14:22:54.536Z", "date_modification": "2026-07-11T14:22:54.536Z"}}, {"model": "contrats.paiement", "pk": 296, "fields": {"contrat": 19, "mois": "2027-04-01", "montant_du": "150000.00", "montant_recu": "0.00", "date_limite": "2027-04-01", "date_paiement": null, "statut": "en_attente", "raison_retard": null, "montant_penalites": "0.00", "date_rappel_retard_envoye": null, "date_frais_appliques": null, "date_alerte_grave_envoyee": null, "date_creation": "2026-07-11T14:22:54.536Z", "date_modification": "2026-07-11T14:22:54.536Z"}}, {"model": "contrats.paiement", "pk": 297, "fields": {"contrat": 19, "mois": "2027-05-01", "montant_du": "150000.00", "montant_recu": "0.00", "date_limite": "2027-05-01", "date_paiement": null, "statut": "en_attente", "raison_retard": null, "montant_penalites": "0.00", "date_rappel_retard_envoye": null, "date_frais_appliques": null, "date_alerte_grave_envoyee": null, "date_creation": "2026-07-11T14:22:54.536Z", "date_modification": "2026-07-11T14:22:54.536Z"}}, {"model": "contrats.paiement", "pk": 298, "fields": {"contrat": 6, "mois": "2026-06-01", "montant_du": "150000.00", "montant_recu": "150000.00", "date_limite": "2026-06-21", "date_paiement": "2026-07-16", "statut": "recu", "raison_retard": null, "montant_penalites": "0.00", "date_rappel_retard_envoye": null, "date_frais_appliques": null, "date_alerte_grave_envoyee": null, "date_creation": "2026-07-12T23:18:20.200Z", "date_modification": "2026-07-16T00:24:18.569Z"}}, {"model": "contrats.paiement", "pk": 299, "fields": {"contrat": 23, "mois": "2026-07-01", "montant_du": "100000.00", "montant_recu": "0.00", "date_limite": "2026-07-06", "date_paiement": null, "statut": "retard_majeur", "raison_retard": null, "montant_penalites": "0.00", "date_rappel_retard_envoye": null, "date_frais_appliques": null, "date_alerte_grave_envoyee": null, "date_creation": "2026-07-16T00:46:07.468Z", "date_modification": "2026-07-16T00:46:07.468Z"}}, {"model": "contrats.miseendemeure", "pk": 4, "fields": {"paiement": 298, "contrat": 6, "objet": "Mise en demeure pour non-paiement", "date_limite_regularisation": "2026-07-13", "envoi_application": true, "envoi_email": false, "envoi_pdf": false, "message_complementaire": "Merci de nous contacter au plus vite", "statut": "regularisee", "date_creation": "2026-07-13T10:06:21.271Z", "date_resolution": "2026-07-16T01:26:45.226Z"}}, {"model": "contrats.reclamation", "pk": 2, "fields": {"bien": 8, "locataire": ["Bintoudby"], "titre": "Fuite d'eau sous l'évier", "description": "Il y a une fuite persistante sous l'évier de la cuisine depuis 3 jours.", "statut": "fermee", "priorite": "urgente", "reponse": "bonjour ok\r\n", "cree_le": "2026-07-07T01:33:34.243Z", "mis_a_jour_le": "2026-07-07T20:46:29.790Z"}}, {"model": "contrats.reclamation", "pk": 5, "fields": {"bien": 9, "locataire": ["fatimahdby07"], "titre": "fuite d eau dans la salle de bain", "description": "fuite d eau", "statut": "en_cours", "priorite": "urgente", "reponse": "bonjour nous vous repondrons au plus vite", "cree_le": "2026-07-08T10:52:31.963Z", "mis_a_jour_le": "2026-07-12T18:15:15.677Z"}}, {"model": "contrats.etatdeslieux", "pk": 3, "fields": {"contrat": 23, "type_etat": "entree", "etat_general": "bon", "observations": "tout est bon", "realise_par": ["azimuts_demo"], "date_realisation": "2026-07-12T18:49:21.524Z"}}, {"model": "facturation.facture", "pk": 18, "fields": {"id_unique": "2b93f56e-1ee3-4c10-8cfe-61ed6ce2eb0b", "numero_facture": "FAC-6-202607", "paiement": 93, "contrat": 6, "date_generation": "2026-07-09T20:58:09.068Z", "date_emission": "2026-07-09T20:58:09.068Z", "date_echéance": "2026-07-01", "date_paiement": "2026-07-12", "montant_loyer": "150000.00", "montant_charges": "0.00", "montant_autres": "0.00", "montant_taxe": "0.00", "montant_total": "150000.00", "description": null, "notes": null, "statut": "payee", "fichier_pdf": "", "mode_paiement": null, "reference_transaction": null, "numero_paiement_declare": "", "date_declaration_paiement": null, "motif_rejet_paiement": "", "tentatives_envoi": 0, "dernier_envoi": null, "fne_certifiee": false, "fne_reference": "", "fne_token": "", "fne_certifiee_le": null, "fne_erreur": "", "est_archive": false, "date_modification": "2026-07-12T16:48:44.507Z"}}, {"model": "facturation.facture", "pk": 19, "fields": {"id_unique": "ae4f4798-edf1-4d27-82fb-ab3d3a46c6df", "numero_facture": "FAC-3-202607", "paiement": 94, "contrat": 3, "date_generation": "2026-07-09T20:58:09.115Z", "date_emission": "2026-07-09T20:58:09.115Z", "date_echéance": "2026-07-01", "date_paiement": "2026-07-12", "montant_loyer": "350000.00", "montant_charges": "0.00", "montant_autres": "0.00", "montant_taxe": "0.00", "montant_total": "350000.00", "description": null, "notes": null, "statut": "payee", "fichier_pdf": "", "mode_paiement": "wave", "reference_transaction": "PAY-2026-635314", "numero_paiement_declare": "0707066950", "date_declaration_paiement": "2026-07-12T13:50:25.760Z", "motif_rejet_paiement": "", "tentatives_envoi": 0, "dernier_envoi": null, "fne_certifiee": false, "fne_reference": "", "fne_token": "", "fne_certifiee_le": null, "fne_erreur": "", "est_archive": false, "date_modification": "2026-07-12T13:55:25.217Z"}}, {"model": "facturation.facture", "pk": 20, "fields": {"id_unique": "69bf3acd-c3ad-4bf9-9dd4-d86d0d182f1e", "numero_facture": "FAC-3-202605", "paiement": 14, "contrat": 3, "date_generation": "2026-07-11T11:50:16.450Z", "date_emission": "2026-07-11T11:50:16.450Z", "date_echéance": "2026-05-01", "date_paiement": "2026-07-12", "montant_loyer": "350000.00", "montant_charges": "0.00", "montant_autres": "0.00", "montant_taxe": "0.00", "montant_total": "350000.00", "description": null, "notes": null, "statut": "payee", "fichier_pdf": "", "mode_paiement": "orange_money", "reference_transaction": "ORANGE_MONEY-34483-CI", "numero_paiement_declare": "", "date_declaration_paiement": null, "motif_rejet_paiement": "", "tentatives_envoi": 0, "dernier_envoi": null, "fne_certifiee": false, "fne_reference": "", "fne_token": "", "fne_certifiee_le": null, "fne_erreur": "", "est_archive": false, "date_modification": "2026-07-12T11:17:03.056Z"}}, {"model": "facturation.facture", "pk": 21, "fields": {"id_unique": "59adeb4c-a8da-479a-9a25-1b16fdcef507", "numero_facture": "FAC-3-202606", "paiement": 15, "contrat": 3, "date_generation": "2026-07-11T11:50:16.469Z", "date_emission": "2026-07-11T11:50:16.469Z", "date_echéance": "2026-06-01", "date_paiement": "2026-07-12", "montant_loyer": "350000.00", "montant_charges": "0.00", "montant_autres": "0.00", "montant_taxe": "0.00", "montant_total": "350000.00", "description": null, "notes": null, "statut": "payee", "fichier_pdf": "", "mode_paiement": null, "reference_transaction": null, "numero_paiement_declare": "", "date_declaration_paiement": null, "motif_rejet_paiement": "", "tentatives_envoi": 0, "dernier_envoi": null, "fne_certifiee": false, "fne_reference": "", "fne_token": "", "fne_certifiee_le": null, "fne_erreur": "", "est_archive": false, "date_modification": "2026-07-12T11:16:18.821Z"}}, {"model": "facturation.facture", "pk": 22, "fields": {"id_unique": "a7fb4d58-a2ec-4b8c-9acd-f13060385821", "numero_facture": "TEST-FACT-0001", "paiement": 285, "contrat": 19, "date_generation": "2026-07-11T15:11:50.467Z", "date_emission": null, "date_echéance": "2026-05-01", "date_paiement": null, "montant_loyer": "150000.00", "montant_charges": "5000.00", "montant_autres": "0.00", "montant_taxe": "0.00", "montant_total": "155000.00", "description": null, "notes": null, "statut": "generee", "fichier_pdf": "", "mode_paiement": "wave", "reference_transaction": "WAVE-41890-CI", "numero_paiement_declare": "", "date_declaration_paiement": null, "motif_rejet_paiement": "", "tentatives_envoi": 0, "dernier_envoi": null, "fne_certifiee": false, "fne_reference": "", "fne_token": "", "fne_certifiee_le": null, "fne_erreur": "", "est_archive": false, "date_modification": "2026-07-11T15:29:56.688Z"}}, {"model": "facturation.facture", "pk": 23, "fields": {"id_unique": "bff84a2f-5f25-4c96-858c-50c6d2deb80c", "numero_facture": "FAC-6-202606", "paiement": 298, "contrat": 6, "date_generation": "2026-07-12T23:18:20.232Z", "date_emission": null, "date_echéance": "2026-06-21", "date_paiement": "2026-07-16", "montant_loyer": "150000.00", "montant_charges": "0.00", "montant_autres": "0.00", "montant_taxe": "0.00", "montant_total": "150000.00", "description": null, "notes": null, "statut": "payee", "fichier_pdf": "", "mode_paiement": "wave", "reference_transaction": "PAY-2026-725974", "numero_paiement_declare": "0707066950", "date_declaration_paiement": "2026-07-16T00:20:57.405Z", "motif_rejet_paiement": "", "tentatives_envoi": 0, "dernier_envoi": null, "fne_certifiee": false, "fne_reference": "", "fne_token": "", "fne_certifiee_le": null, "fne_erreur": "", "est_archive": false, "date_modification": "2026-07-16T00:24:18.557Z"}}, {"model": "facturation.facture", "pk": 28, "fields": {"id_unique": "5ec3b171-cf36-4c6a-9589-75bf016b827e", "numero_facture": "FAC-19-202607", "paiement": 287, "contrat": 19, "date_generation": "2026-07-18T13:12:47.861Z", "date_emission": "2026-07-18T13:12:47.860Z", "date_echéance": "2026-07-01", "date_paiement": null, "montant_loyer": "150000.00", "montant_charges": "0.00", "montant_autres": "0.00", "montant_taxe": "0.00", "montant_total": "150000.00", "description": null, "notes": null, "statut": "generee", "fichier_pdf": "", "mode_paiement": null, "reference_transaction": null, "numero_paiement_declare": "", "date_declaration_paiement": null, "motif_rejet_paiement": "", "tentatives_envoi": 0, "dernier_envoi": null, "fne_certifiee": false, "fne_reference": "", "fne_token": "", "fne_certifiee_le": null, "fne_erreur": "", "est_archive": false, "date_modification": "2026-07-18T13:12:47.862Z"}}, {"model": "facturation.facture", "pk": 29, "fields": {"id_unique": "9bde94f8-e922-4c72-9469-db9e5a92e2e2", "numero_facture": "FAC-23-202607", "paiement": 299, "contrat": 23, "date_generation": "2026-07-18T13:12:48.233Z", "date_emission": "2026-07-18T13:12:48.232Z", "date_echéance": "2026-07-06", "date_paiement": null, "montant_loyer": "250000.00", "montant_charges": "0.00", "montant_autres": "0.00", "montant_taxe": "0.00", "montant_total": "100000.00", "description": null, "notes": null, "statut": "generee", "fichier_pdf": "", "mode_paiement": null, "reference_transaction": null, "numero_paiement_declare": "", "date_declaration_paiement": null, "motif_rejet_paiement": "", "tentatives_envoi": 0, "dernier_envoi": null, "fne_certifiee": false, "fne_reference": "", "fne_token": "", "fne_certifiee_le": null, "fne_erreur": "", "est_archive": false, "date_modification": "2026-07-18T13:12:48.233Z"}}, {"model": "facturation.facture", "pk": 30, "fields": {"id_unique": "310b870a-4ccb-4795-a34e-05637716f026", "numero_facture": "FAC-19-202606", "paiement": 286, "contrat": 19, "date_generation": "2026-07-18T13:12:48.272Z", "date_emission": "2026-07-18T13:12:48.272Z", "date_echéance": "2026-06-01", "date_paiement": null, "montant_loyer": "150000.00", "montant_charges": "0.00", "montant_autres": "0.00", "montant_taxe": "0.00", "montant_total": "150000.00", "description": null, "notes": null, "statut": "generee", "fichier_pdf": "", "mode_paiement": null, "reference_transaction": null, "numero_paiement_declare": "", "date_declaration_paiement": null, "motif_rejet_paiement": "", "tentatives_envoi": 0, "dernier_envoi": null, "fne_certifiee": false, "fne_reference": "", "fne_token": "", "fne_certifiee_le": null, "fne_erreur": "", "est_archive": false, "date_modification": "2026-07-18T13:12:48.272Z"}}, {"model": "facturation.moyenpaiementenregistre", "pk": 2, "fields": {"utilisateur": ["Bintoudby"], "mode_paiement": "wave", "numero": "0707066950", "date_ajout": "2026-07-12T13:50:25.755Z", "date_modification": "2026-07-12T13:50:25.755Z"}}, {"model": "facturation.moyenpaiementenregistre", "pk": 3, "fields": {"utilisateur": ["fatimahdby07"], "mode_paiement": "wave", "numero": "0707066950", "date_ajout": "2026-07-16T00:20:57.372Z", "date_modification": "2026-07-16T00:20:57.372Z"}}, {"model": "facturation.rendezvouspaiement", "pk": 7, "fields": {"facture": 23, "locataire": ["fatimahdby07"], "date_demandee": "2026-07-14T10:30:00Z", "message": "", "date_proposee": null, "date_confirmee": "2026-07-14T10:30:00Z", "statut": "confirme", "motif_refus": "", "date_creation": "2026-07-13T10:42:53.408Z", "date_modification": "2026-07-13T10:43:36.157Z"}}, {"model": "facturation.notification", "pk": 17, "fields": {"facture": 18, "utilisateur": ["fatimahdby07"], "type_notification": "email", "titre": "Facture de loyer pour Appartement T2 – Grand-Bassam Centre", "message": "Une nouvelle facture a été générée pour le mois de July 2026", "statut": "en_attente", "date_creation": "2026-07-09T20:58:09.078Z", "date_envoi": null, "date_lecture": null, "message_erreur": null}}, {"model": "facturation.notification", "pk": 18, "fields": {"facture": 19, "utilisateur": ["Bintoudby"], "type_notification": "email", "titre": "Facture de loyer pour Villa 4 pièces – Grand-Bassam", "message": "Une nouvelle facture a été générée pour le mois de July 2026", "statut": "en_attente", "date_creation": "2026-07-09T20:58:09.135Z", "date_envoi": null, "date_lecture": null, "message_erreur": null}}, {"model": "facturation.notification", "pk": 19, "fields": {"facture": 20, "utilisateur": ["Bintoudby"], "type_notification": "email", "titre": "Facture de loyer pour Villa 4 pièces – Grand-Bassam", "message": "Une facture a ete generee pour le mois de May 2026", "statut": "en_attente", "date_creation": "2026-07-11T11:50:16.462Z", "date_envoi": null, "date_lecture": null, "message_erreur": null}}, {"model": "facturation.notification", "pk": 20, "fields": {"facture": 21, "utilisateur": ["Bintoudby"], "type_notification": "email", "titre": "Facture de loyer pour Villa 4 pièces – Grand-Bassam", "message": "Une facture a ete generee pour le mois de June 2026", "statut": "en_attente", "date_creation": "2026-07-11T11:50:16.479Z", "date_envoi": null, "date_lecture": null, "message_erreur": null}}, {"model": "facturation.notification", "pk": 21, "fields": {"facture": 28, "utilisateur": ["oumar"], "type_notification": "email", "titre": "Facture de loyer pour Appartement Cocody Test", "message": "Une nouvelle facture a été générée pour le mois de July 2026", "statut": "en_attente", "date_creation": "2026-07-18T13:12:48.120Z", "date_envoi": null, "date_lecture": null, "message_erreur": null}}, {"model": "facturation.notification", "pk": 22, "fields": {"facture": 29, "utilisateur": ["Bintoudby"], "type_notification": "email", "titre": "Facture de loyer pour Boutique 60 m² sur grande voie – Yopougon", "message": "Une nouvelle facture a été générée pour le mois de July 2026", "statut": "en_attente", "date_creation": "2026-07-18T13:12:48.240Z", "date_envoi": null, "date_lecture": null, "message_erreur": null}}, {"model": "facturation.notification", "pk": 23, "fields": {"facture": 30, "utilisateur": ["oumar"], "type_notification": "email", "titre": "Facture de loyer pour Appartement Cocody Test", "message": "Une nouvelle facture a été générée pour le mois de June 2026", "statut": "en_attente", "date_creation": "2026-07-18T13:12:48.280Z", "date_envoi": null, "date_lecture": null, "message_erreur": null}}, {"model": "facturation.rappelpaiement", "pk": 49, "fields": {"paiement": 93, "notification": null, "type_rappel": "premier_rappel", "date_programmee": "2026-07-03T00:00:00Z", "date_envoi_reel": null, "est_envoye": false}}, {"model": "facturation.rappelpaiement", "pk": 50, "fields": {"paiement": 93, "notification": null, "type_rappel": "deuxieme_rappel", "date_programmee": "2026-07-08T00:00:00Z", "date_envoi_reel": null, "est_envoye": false}}, {"model": "facturation.rappelpaiement", "pk": 51, "fields": {"paiement": 93, "notification": null, "type_rappel": "avis_final", "date_programmee": "2026-07-16T00:00:00Z", "date_envoi_reel": null, "est_envoye": false}}, {"model": "facturation.rappelpaiement", "pk": 52, "fields": {"paiement": 94, "notification": null, "type_rappel": "premier_rappel", "date_programmee": "2026-07-03T00:00:00Z", "date_envoi_reel": null, "est_envoye": false}}, {"model": "facturation.rappelpaiement", "pk": 53, "fields": {"paiement": 94, "notification": null, "type_rappel": "deuxieme_rappel", "date_programmee": "2026-07-08T00:00:00Z", "date_envoi_reel": null, "est_envoye": false}}, {"model": "facturation.rappelpaiement", "pk": 54, "fields": {"paiement": 94, "notification": null, "type_rappel": "avis_final", "date_programmee": "2026-07-16T00:00:00Z", "date_envoi_reel": null, "est_envoye": false}}, {"model": "facturation.rappelpaiement", "pk": 55, "fields": {"paiement": 287, "notification": null, "type_rappel": "premier_rappel", "date_programmee": "2026-07-03T00:00:00Z", "date_envoi_reel": null, "est_envoye": false}}, {"model": "facturation.rappelpaiement", "pk": 56, "fields": {"paiement": 287, "notification": null, "type_rappel": "deuxieme_rappel", "date_programmee": "2026-07-08T00:00:00Z", "date_envoi_reel": null, "est_envoye": false}}, {"model": "facturation.rappelpaiement", "pk": 57, "fields": {"paiement": 287, "notification": null, "type_rappel": "avis_final", "date_programmee": "2026-07-16T00:00:00Z", "date_envoi_reel": null, "est_envoye": false}}, {"model": "facturation.rappelpaiement", "pk": 58, "fields": {"paiement": 299, "notification": null, "type_rappel": "premier_rappel", "date_programmee": "2026-07-08T00:00:00Z", "date_envoi_reel": null, "est_envoye": false}}, {"model": "facturation.rappelpaiement", "pk": 59, "fields": {"paiement": 299, "notification": null, "type_rappel": "deuxieme_rappel", "date_programmee": "2026-07-13T00:00:00Z", "date_envoi_reel": null, "est_envoye": false}}, {"model": "facturation.rappelpaiement", "pk": 60, "fields": {"paiement": 299, "notification": null, "type_rappel": "avis_final", "date_programmee": "2026-07-21T00:00:00Z", "date_envoi_reel": null, "est_envoye": false}}, {"model": "facturation.rappelpaiement", "pk": 61, "fields": {"paiement": 286, "notification": null, "type_rappel": "premier_rappel", "date_programmee": "2026-06-03T00:00:00Z", "date_envoi_reel": null, "est_envoye": false}}, {"model": "facturation.rappelpaiement", "pk": 62, "fields": {"paiement": 286, "notification": null, "type_rappel": "deuxieme_rappel", "date_programmee": "2026-06-08T00:00:00Z", "date_envoi_reel": null, "est_envoye": false}}, {"model": "facturation.rappelpaiement", "pk": 63, "fields": {"paiement": 286, "notification": null, "type_rappel": "avis_final", "date_programmee": "2026-06-16T00:00:00Z", "date_envoi_reel": null, "est_envoye": false}}, {"model": "recherche.bienfavori", "pk": 2, "fields": {"utilisateur": ["fatimahdby07"], "bien": 10, "date_ajout": "2026-07-07T01:33:34.275Z", "note": 0, "commentaire": null}}, {"model": "recherche.bienfavori", "pk": 3, "fields": {"utilisateur": ["Bintoudby"], "bien": 6, "date_ajout": "2026-07-07T21:01:27.220Z", "note": 0, "commentaire": null}}, {"model": "recherche.bienfavori", "pk": 4, "fields": {"utilisateur": ["fatimahdby07"], "bien": 9, "date_ajout": "2026-07-08T14:13:11.717Z", "note": 0, "commentaire": null}}, {"model": "recherche.bienfavori", "pk": 5, "fields": {"utilisateur": ["fatimahdby07"], "bien": 1, "date_ajout": "2026-07-10T20:34:09.458Z", "note": 0, "commentaire": null}}, {"model": "dashboard.statistiquesproprietaire", "pk": 1, "fields": {"proprietaire": ["proprio_test"], "nombre_proprietes": 2, "nombre_contrats_actifs": 1, "nombre_locataires": 1, "revenu_mensuel_total": "150000.00", "revenu_annuel_estime": "1800000.00", "revenu_recu_ce_mois": "150000.00", "montant_impaye": "0.00", "nombre_contrats_avec_impaye": 0, "taux_collecte_pourcentage": "100.00", "date_derniere_mise_a_jour": "2026-07-18T09:38:43.704Z"}}, {"model": "dashboard.statistiquesproprietaire", "pk": 2, "fields": {"proprietaire": ["nabintoudiaby"], "nombre_proprietes": 1, "nombre_contrats_actifs": 0, "nombre_locataires": 0, "revenu_mensuel_total": "0.00", "revenu_annuel_estime": "0.00", "revenu_recu_ce_mois": "0.00", "montant_impaye": "0.00", "nombre_contrats_avec_impaye": 0, "taux_collecte_pourcentage": "100.00", "date_derniere_mise_a_jour": "2026-07-14T16:06:24.715Z"}}, {"model": "dashboard.statistiquesproprietaire", "pk": 3, "fields": {"proprietaire": ["Abejakings"], "nombre_proprietes": 12, "nombre_contrats_actifs": 2, "nombre_locataires": 2, "revenu_mensuel_total": "500000.00", "revenu_annuel_estime": "6000000.00", "revenu_recu_ce_mois": "1350000.00", "montant_impaye": "0.00", "nombre_contrats_avec_impaye": 0, "taux_collecte_pourcentage": "270.00", "date_derniere_mise_a_jour": "2026-07-17T13:55:08.640Z"}}, {"model": "dashboard.statistiquesproprietaire", "pk": 4, "fields": {"proprietaire": ["azimuts_demo"], "nombre_proprietes": 14, "nombre_contrats_actifs": 1, "nombre_locataires": 1, "revenu_mensuel_total": "250000.00", "revenu_annuel_estime": "3000000.00", "revenu_recu_ce_mois": "0.00", "montant_impaye": "0.00", "nombre_contrats_avec_impaye": 0, "taux_collecte_pourcentage": "0.00", "date_derniere_mise_a_jour": "2026-07-14T16:06:43.471Z"}}, {"model": "dashboard.notification", "pk": 6, "fields": {"destinataire": ["azimuts_demo"], "expediteur": ["Bintoudby"], "type_notification": "message", "titre": "Nouveau message de bintou Diaby", "message": "bonjour", "lien": "/chat/4/", "lue": true, "date_creation": "2026-07-07T01:27:02.490Z"}}, {"model": "dashboard.notification", "pk": 8, "fields": {"destinataire": ["Abejakings"], "expediteur": ["fatimahdby07"], "type_notification": "visite", "titre": "Demande de visite — Appartement T2 – Grand-Bassam Centre", "message": "fatimah dby souhaite visiter le 10/07/2026 à 03:33.", "lien": "/dashboard/rdv/", "lue": true, "date_creation": "2026-07-07T01:33:34.259Z"}}, {"model": "dashboard.notification", "pk": 10, "fields": {"destinataire": ["fatimahdby07"], "expediteur": ["Abejakings"], "type_notification": "visite", "titre": "Visite confirmée", "message": "Appartement T2 – Grand-Bassam Centre — 10/07/2026 à 03:33", "lien": "/biens/9/", "lue": true, "date_creation": "2026-07-07T01:37:02.573Z"}}, {"model": "dashboard.notification", "pk": 11, "fields": {"destinataire": ["fatimahdby07"], "expediteur": ["Abejakings"], "type_notification": "message", "titre": "Nouveau message de Abeja king", "message": "bonour", "lien": "/chat/5/", "lue": true, "date_creation": "2026-07-07T17:21:16.903Z"}}, {"model": "dashboard.notification", "pk": 14, "fields": {"destinataire": ["azimuts_demo"], "expediteur": ["Bintoudby"], "type_notification": "message", "titre": "Nouveau message de bintou Diaby", "message": "bonjour", "lien": "/chat/4/", "lue": true, "date_creation": "2026-07-07T21:01:13.835Z"}}, {"model": "dashboard.notification", "pk": 15, "fields": {"destinataire": ["sarlimmobilier"], "expediteur": null, "type_notification": "systeme", "titre": "Votre entreprise est vérifiée", "message": "Vos documents ont été validés. Le badge « Entreprise vérifiée » est maintenant actif.", "lien": "/dashboard/company/", "lue": false, "date_creation": "2026-07-07T23:29:10.530Z"}}, {"model": "dashboard.notification", "pk": 18, "fields": {"destinataire": ["azimuts_demo"], "expediteur": ["Bintoudby"], "type_notification": "reservation", "titre": "Nouvelle réservation — Studio meublé Zone 4 – Marcory", "message": "bintou Diaby a réservé ce bien.", "lien": "/dashboard/reservations/", "lue": true, "date_creation": "2026-07-08T00:38:00.926Z"}}, {"model": "dashboard.notification", "pk": 19, "fields": {"destinataire": ["Abejakings"], "expediteur": ["Bintoudby"], "type_notification": "visite", "titre": "Demande de visite — Terrain 300 m² – Grand-Bassam", "message": "bintou Diaby souhaite visiter le 12/12/2026 à 13:00.", "lien": "/dashboard/rdv/", "lue": true, "date_creation": "2026-07-08T10:14:23.576Z"}}, {"model": "dashboard.notification", "pk": 21, "fields": {"destinataire": ["Bintoudby"], "expediteur": ["Abejakings"], "type_notification": "message", "titre": "Nouveau message de Abeja king", "message": "bonjour madame, en quoi puis-je vous aider??", "lien": "/chat/9/", "lue": true, "date_creation": "2026-07-08T10:15:19.407Z"}}, {"model": "dashboard.notification", "pk": 22, "fields": {"destinataire": ["Bintoudby"], "expediteur": ["Abejakings"], "type_notification": "visite", "titre": "Visite confirmée", "message": "Terrain 300 m² – Grand-Bassam — 12/12/2026 à 13:00", "lien": "/biens/10/", "lue": true, "date_creation": "2026-07-08T10:15:34.538Z"}}, {"model": "dashboard.notification", "pk": 24, "fields": {"destinataire": ["Bintoudby"], "expediteur": ["azimuts_demo"], "type_notification": "visite", "titre": "Visite non confirmée", "message": "Villa basse 5 pièces + piscine – Riviera Golf — 18/06/2026", "lien": "/biens/2/", "lue": true, "date_creation": "2026-07-08T10:34:40.066Z"}}, {"model": "dashboard.notification", "pk": 25, "fields": {"destinataire": ["Bintoudby"], "expediteur": ["azimuts_demo"], "type_notification": "reservation", "titre": "Réservation confirmée — Studio meublé Zone 4 – Marcory", "message": "Votre réservation a été confirmée.", "lien": "/biens/mes-reservations/", "lue": true, "date_creation": "2026-07-08T10:35:25.074Z"}}, {"model": "dashboard.notification", "pk": 26, "fields": {"destinataire": ["Abejakings"], "expediteur": ["fatimahdby07"], "type_notification": "reservation", "titre": "Nouvelle réservation — Terrain 300 m² – Grand-Bassam", "message": "fatimah dby a réservé ce bien.", "lien": "/dashboard/reservations/", "lue": true, "date_creation": "2026-07-08T10:44:32.733Z"}}, {"model": "dashboard.notification", "pk": 27, "fields": {"destinataire": ["Abejakings"], "expediteur": ["fatimahdby07"], "type_notification": "visite", "titre": "Visite annulée — Appartement T2 – Grand-Bassam Centre", "message": "fatimah dby a annulé sa demande de visite.", "lien": "/dashboard/rdv/", "lue": true, "date_creation": "2026-07-08T10:50:42.294Z"}}, {"model": "dashboard.notification", "pk": 29, "fields": {"destinataire": ["Abejakings"], "expediteur": ["fatimahdby07"], "type_notification": "reservation", "titre": "Réservation annulée — Terrain 300 m² – Grand-Bassam", "message": "fatimah dby a annulé sa réservation.", "lien": "/dashboard/reservations/", "lue": true, "date_creation": "2026-07-08T10:50:42.351Z"}}, {"model": "dashboard.notification", "pk": 30, "fields": {"destinataire": ["Abejakings"], "expediteur": ["fatimahdby07"], "type_notification": "reclamation", "titre": "Réclamation — Appartement T2 – Grand-Bassam Centre", "message": "Fuite d'eau salle de bain", "lien": "/dashboard/reclamations/", "lue": true, "date_creation": "2026-07-08T10:50:42.420Z"}}, {"model": "dashboard.notification", "pk": 31, "fields": {"destinataire": ["Abejakings"], "expediteur": ["fatimahdby07"], "type_notification": "reclamation", "titre": "Réclamation — Appartement T2 – Grand-Bassam Centre", "message": "fuite d eau dans la salle de bain", "lien": "/dashboard/reclamations/", "lue": true, "date_creation": "2026-07-08T10:52:31.980Z"}}, {"model": "dashboard.notification", "pk": 32, "fields": {"destinataire": ["fatimahdby07"], "expediteur": ["Abejakings"], "type_notification": "visite", "titre": "Visite confirmée", "message": "Appartement T2 – Grand-Bassam Centre — 10/07/2026 à 03:33", "lien": "/biens/9/", "lue": true, "date_creation": "2026-07-08T10:53:44.398Z"}}, {"model": "dashboard.notification", "pk": 33, "fields": {"destinataire": ["Abejakings"], "expediteur": ["fatimahdby07"], "type_notification": "visite", "titre": "Visite annulée — Appartement T2 – Grand-Bassam Centre", "message": "fatimah dby a annulé sa demande de visite.", "lien": "/dashboard/rdv/", "lue": true, "date_creation": "2026-07-08T16:35:11.510Z"}}, {"model": "dashboard.notification", "pk": 34, "fields": {"destinataire": ["Abejakings"], "expediteur": ["fatimahdby07"], "type_notification": "reclamation", "titre": "Réclamation — Appartement T2 – Grand-Bassam Centre", "message": "Test design", "lien": "/dashboard/reclamations/", "lue": true, "date_creation": "2026-07-08T20:01:54.817Z"}}, {"model": "dashboard.notification", "pk": 40, "fields": {"destinataire": ["fatimahdby07"], "expediteur": ["Abejakings"], "type_notification": "message", "titre": "Nouveau message de Abeja king", "message": "bonjour madame", "lien": "/chat/11/", "lue": true, "date_creation": "2026-07-09T11:22:00.147Z"}}, {"model": "dashboard.notification", "pk": 42, "fields": {"destinataire": ["Abejakings"], "expediteur": ["fatimahdby07"], "type_notification": "message", "titre": "Difficulté de paiement — Appartement T2 – Grand-Bassam Centre", "message": "Concernant la facture FAC-6-202607 : fatimah dby souhaite payer en plusieurs fois.", "lien": "/chat/12/", "lue": true, "date_creation": "2026-07-09T19:02:09.682Z"}}, {"model": "dashboard.notification", "pk": 43, "fields": {"destinataire": ["Abejakings"], "expediteur": ["fatimahdby07"], "type_notification": "paiement", "titre": "Paiement signalé — Appartement T2 – Grand-Bassam Centre", "message": "fatimah dby indique avoir réglé la facture FAC-6-202607 via Orange Money. Vérifiez la réception avant de la marquer payée.", "lien": "/dashboard/facturation/", "lue": true, "date_creation": "2026-07-09T19:10:24.628Z"}}, {"model": "dashboard.notification", "pk": 45, "fields": {"destinataire": ["Abejakings"], "expediteur": ["fatimahdby07"], "type_notification": "paiement", "titre": "Paiement reçu — Appartement T2 – Grand-Bassam Centre", "message": "fatimah dby a réglé la facture FAC-6-202607 via Orange Money.", "lien": "/dashboard/facturation/", "lue": true, "date_creation": "2026-07-09T19:20:48.606Z"}}, {"model": "dashboard.notification", "pk": 46, "fields": {"destinataire": ["fatimahdby07"], "expediteur": ["Abejakings"], "type_notification": "message", "titre": "Nouveau message de Abeja king", "message": "ok bien reçu", "lien": "/chat/12/", "lue": true, "date_creation": "2026-07-09T19:21:34.679Z"}}, {"model": "dashboard.notification", "pk": 47, "fields": {"destinataire": ["Abejakings"], "expediteur": ["fatimahdby07"], "type_notification": "paiement", "titre": "Paiement reçu — Appartement T2 – Grand-Bassam Centre", "message": "fatimah dby a réglé la facture FAC-6-202607 via Wave.", "lien": "/dashboard/facturation/", "lue": true, "date_creation": "2026-07-09T19:36:37.444Z"}}, {"model": "dashboard.notification", "pk": 48, "fields": {"destinataire": ["Abejakings"], "expediteur": ["fatimahdby07"], "type_notification": "paiement", "titre": "Paiement reçu — Appartement T2 – Grand-Bassam Centre", "message": "fatimah dby a réglé la facture FAC-6-202607 via Wave.", "lien": "/dashboard/facturation/", "lue": true, "date_creation": "2026-07-09T19:37:58.745Z"}}, {"model": "dashboard.notification", "pk": 49, "fields": {"destinataire": ["Abejakings"], "expediteur": ["fatimahdby07"], "type_notification": "paiement", "titre": "Paiement reçu — Appartement T2 – Grand-Bassam Centre", "message": "Fatimah Dby a réglé la facture FAC-6-202607 via Wave.", "lien": "/dashboard/facturation/", "lue": true, "date_creation": "2026-07-10T20:41:11.869Z"}}, {"model": "dashboard.notification", "pk": 50, "fields": {"destinataire": ["Abejakings"], "expediteur": ["Bintoudby"], "type_notification": "paiement", "titre": "Paiement reçu — Villa 4 pièces – Grand-Bassam", "message": "bintou Diaby a réglé la facture FAC-3-202607 via Wave.", "lien": "/dashboard/facturation/", "lue": true, "date_creation": "2026-07-10T20:46:04.008Z"}}, {"model": "dashboard.notification", "pk": 51, "fields": {"destinataire": ["Abejakings"], "expediteur": ["Bintoudby"], "type_notification": "paiement", "titre": "Paiement reçu — Villa 4 pièces – Grand-Bassam", "message": "bintou Diaby a réglé la facture FAC-3-202607 via Wave.", "lien": "/dashboard/facturation/", "lue": true, "date_creation": "2026-07-10T20:53:05.794Z"}}, {"model": "dashboard.notification", "pk": 52, "fields": {"destinataire": ["Abejakings"], "expediteur": ["fatimahdby07"], "type_notification": "paiement", "titre": "Paiement reçu — Appartement T2 – Grand-Bassam Centre", "message": "Fatimah Dby a réglé la facture FAC-6-202607 via Orange Money.", "lien": "/dashboard/facturation/", "lue": true, "date_creation": "2026-07-10T20:54:40.508Z"}}, {"model": "dashboard.notification", "pk": 53, "fields": {"destinataire": ["fatimahdby07"], "expediteur": ["Abejakings"], "type_notification": "visite", "titre": "Visite confirmée", "message": "Terrain 300 m² – Grand-Bassam — 13/07/2026 à 00:45", "lien": "/biens/10/", "lue": true, "date_creation": "2026-07-11T00:45:52.832Z"}}, {"model": "dashboard.notification", "pk": 54, "fields": {"destinataire": ["azimuts_demo"], "expediteur": ["fadel"], "type_notification": "message", "titre": "Nouveau message de fadel koloma", "message": "coucou", "lien": "/chat/16/", "lue": true, "date_creation": "2026-07-11T11:20:01.044Z"}}, {"model": "dashboard.notification", "pk": 55, "fields": {"destinataire": ["fadel"], "expediteur": ["azimuts_demo"], "type_notification": "message", "titre": "Nouveau message de Azimuts SARL", "message": "bjr", "lien": "/chat/16/", "lue": false, "date_creation": "2026-07-11T11:23:17.759Z"}}, {"model": "dashboard.notification", "pk": 56, "fields": {"destinataire": ["Abejakings"], "expediteur": ["Bintoudby"], "type_notification": "paiement", "titre": "Paiement reçu — Villa 4 pièces – Grand-Bassam", "message": "bintou Diaby a réglé la facture FAC-3-202607 via Carte bancaire.", "lien": "/dashboard/facturation/", "lue": true, "date_creation": "2026-07-11T11:30:35.375Z"}}, {"model": "dashboard.notification", "pk": 57, "fields": {"destinataire": ["proprio_test"], "expediteur": ["oumar"], "type_notification": "paiement", "titre": "Paiement reçu — Appartement Cocody Test", "message": "Oumar a réglé la facture TEST-FACT-0001 via Wave.", "lien": "/dashboard/facturation/", "lue": false, "date_creation": "2026-07-11T15:13:35.841Z"}}, {"model": "dashboard.notification", "pk": 58, "fields": {"destinataire": ["proprio_test"], "expediteur": ["oumar"], "type_notification": "paiement", "titre": "Paiement reçu — Appartement Cocody Test", "message": "Oumar a réglé la facture TEST-FACT-0001 via Wave.", "lien": "/dashboard/facturation/", "lue": false, "date_creation": "2026-07-11T15:16:12.035Z"}}, {"model": "dashboard.notification", "pk": 59, "fields": {"destinataire": ["Abejakings"], "expediteur": ["Bintoudby"], "type_notification": "paiement", "titre": "Paiement reçu — Villa 4 pièces – Grand-Bassam", "message": "bintou Diaby a réglé la facture FAC-3-202605 via Orange Money.", "lien": "/dashboard/facturation/", "lue": true, "date_creation": "2026-07-12T11:17:03.097Z"}}, {"model": "dashboard.notification", "pk": 60, "fields": {"destinataire": ["Abejakings"], "expediteur": ["fatimahdby07"], "type_notification": "paiement", "titre": "Paiement déclaré — Appartement T2 – Grand-Bassam Centre", "message": "Fatimah Dby déclare avoir réglé la facture FAC-6-202607 via Wave (réf. PAY-2026-855931). Confirmez la réception pour finaliser.", "lien": "/dashboard/facturation/18/", "lue": true, "date_creation": "2026-07-12T13:28:06.108Z"}}, {"model": "dashboard.notification", "pk": 61, "fields": {"destinataire": ["fatimahdby07"], "expediteur": ["Abejakings"], "type_notification": "paiement", "titre": "Problème avec votre paiement déclaré", "message": "Abeja king signale un problème sur le paiement de FAC-6-202607 : Paiement non recu sur le compte Wave. Merci de le régler à nouveau.", "lien": "/dashboard/facturation/18/", "lue": true, "date_creation": "2026-07-12T13:28:06.214Z"}}, {"model": "dashboard.notification", "pk": 62, "fields": {"destinataire": ["Abejakings"], "expediteur": ["fatimahdby07"], "type_notification": "paiement", "titre": "Paiement déclaré — Appartement T2 – Grand-Bassam Centre", "message": "Fatimah Dby déclare avoir réglé la facture FAC-6-202607 via Wave (réf. PAY-2026-770054). Confirmez la réception pour finaliser.", "lien": "/dashboard/facturation/18/", "lue": true, "date_creation": "2026-07-12T13:28:06.251Z"}}, {"model": "dashboard.notification", "pk": 63, "fields": {"destinataire": ["Abejakings"], "expediteur": ["Abejakings"], "type_notification": "paiement", "titre": "Paiement reçu — Appartement T2 – Grand-Bassam Centre", "message": "Abeja king a réglé la facture FAC-6-202607 via Wave.", "lien": "/dashboard/facturation/", "lue": true, "date_creation": "2026-07-12T13:28:06.275Z"}}, {"model": "dashboard.notification", "pk": 64, "fields": {"destinataire": ["fatimahdby07"], "expediteur": ["Abejakings"], "type_notification": "paiement", "titre": "Paiement confirmé", "message": "Abeja king a confirmé la réception de votre paiement (FAC-6-202607). Votre quittance est disponible.", "lien": "/dashboard/facturation/18/", "lue": true, "date_creation": "2026-07-12T13:28:06.280Z"}}, {"model": "dashboard.notification", "pk": 66, "fields": {"destinataire": ["Bintoudby"], "expediteur": ["Abejakings"], "type_notification": "paiement", "titre": "Paiement confirmé", "message": "Abeja king a confirmé la réception de votre paiement (FAC-3-202607). Votre quittance est disponible.", "lien": "/dashboard/facturation/19/", "lue": true, "date_creation": "2026-07-12T13:40:25.426Z"}}, {"model": "dashboard.notification", "pk": 67, "fields": {"destinataire": ["Abejakings"], "expediteur": ["fatimahdby07"], "type_notification": "paiement", "titre": "Paiement déclaré — Appartement T2 – Grand-Bassam Centre", "message": "Fatimah Dby déclare avoir réglé la facture FAC-6-202607 via Wave (réf. PAY-2026-804203). Confirmez la réception pour finaliser.", "lien": "/dashboard/facturation/18/", "lue": true, "date_creation": "2026-07-12T13:46:58.724Z"}}, {"model": "dashboard.notification", "pk": 68, "fields": {"destinataire": ["Abejakings"], "expediteur": ["Bintoudby"], "type_notification": "paiement", "titre": "Paiement déclaré — Villa 4 pièces – Grand-Bassam", "message": "bintou Diaby déclare avoir réglé la facture FAC-3-202607 via Wave (réf. PAY-2026-635314). Confirmez la réception pour finaliser.", "lien": "/dashboard/facturation/19/", "lue": true, "date_creation": "2026-07-12T13:50:25.767Z"}}, {"model": "dashboard.notification", "pk": 69, "fields": {"destinataire": ["Abejakings"], "expediteur": ["Abejakings"], "type_notification": "paiement", "titre": "Paiement reçu — Villa 4 pièces – Grand-Bassam", "message": "Abeja king a réglé la facture FAC-3-202607 via Wave.", "lien": "/dashboard/facturation/", "lue": true, "date_creation": "2026-07-12T13:55:25.267Z"}}, {"model": "dashboard.notification", "pk": 70, "fields": {"destinataire": ["Bintoudby"], "expediteur": ["Abejakings"], "type_notification": "paiement", "titre": "Paiement confirmé", "message": "Abeja king a confirmé la réception de votre paiement (FAC-3-202607). Votre quittance est disponible.", "lien": "/dashboard/facturation/19/", "lue": true, "date_creation": "2026-07-12T13:55:25.275Z"}}, {"model": "dashboard.notification", "pk": 71, "fields": {"destinataire": ["Abejakings"], "expediteur": ["fatimahdby07"], "type_notification": "paiement", "titre": "Demande de rendez-vous de paiement — Appartement T2 – Grand-Bassam Centre", "message": "Fatimah Dby souhaite régler la facture FAC-6-202607 en espèces, le 20/07/2026 à 14:30.", "lien": "/dashboard/facturation/18/", "lue": true, "date_creation": "2026-07-12T14:11:29.031Z"}}, {"model": "dashboard.notification", "pk": 72, "fields": {"destinataire": ["fatimahdby07"], "expediteur": ["Abejakings"], "type_notification": "paiement", "titre": "Nouveau créneau proposé", "message": "L'entreprise propose un autre créneau pour la facture FAC-6-202607 : le 21/07/2026 à 09:00.", "lien": "/dashboard/facturation/18/", "lue": true, "date_creation": "2026-07-12T14:11:41.183Z"}}, {"model": "dashboard.notification", "pk": 73, "fields": {"destinataire": ["Abejakings"], "expediteur": ["fatimahdby07"], "type_notification": "paiement", "titre": "Rendez-vous de paiement confirmé", "message": "Le locataire a accepté le créneau du 21/07/2026 à 09:00 pour la facture FAC-6-202607.", "lien": "/dashboard/facturation/18/", "lue": true, "date_creation": "2026-07-12T14:11:41.316Z"}}, {"model": "dashboard.notification", "pk": 74, "fields": {"destinataire": ["Abejakings"], "expediteur": ["Abejakings"], "type_notification": "paiement", "titre": "Paiement reçu — Appartement T2 – Grand-Bassam Centre", "message": "Abeja king a réglé la facture FAC-6-202607 via Espèces.", "lien": "/dashboard/facturation/", "lue": true, "date_creation": "2026-07-12T14:11:51.601Z"}}, {"model": "dashboard.notification", "pk": 79, "fields": {"destinataire": ["azimuts_demo"], "expediteur": ["Bintoudby"], "type_notification": "reservation", "titre": "Nouvelle réservation — Appartement F4 meublé – Riviera", "message": "bintou Diaby a réservé ce bien.", "lien": "/dashboard/reservations/", "lue": true, "date_creation": "2026-07-12T16:14:20.709Z"}}, {"model": "dashboard.notification", "pk": 80, "fields": {"destinataire": ["Bintoudby"], "expediteur": ["azimuts_demo"], "type_notification": "reservation", "titre": "Réservation confirmée — Appartement F4 meublé – Riviera", "message": "Votre réservation a été confirmée. Le propriétaire prépare le contrat de location, vous serez invité(e) à le signer.", "lien": "/contrats/21/", "lue": true, "date_creation": "2026-07-12T16:16:13.560Z"}}, {"model": "dashboard.notification", "pk": 83, "fields": {"destinataire": ["azimuts_demo"], "expediteur": ["Bintoudby"], "type_notification": "message", "titre": "Nouveau message de bintou Diaby", "message": "ok", "lien": "/chat/8/", "lue": true, "date_creation": "2026-07-12T16:43:35.733Z"}}, {"model": "dashboard.notification", "pk": 91, "fields": {"destinataire": ["azimuts_demo"], "expediteur": ["Bintoudby"], "type_notification": "reservation", "titre": "Demande de réservation — Boutique 60 m² sur grande voie – Yopougon", "message": "bintou Diaby souhaite réserver ce bien (sans l’avoir visité).", "lien": "/dashboard/reservations/", "lue": false, "date_creation": "2026-07-12T18:45:32.306Z"}}, {"model": "dashboard.notification", "pk": 92, "fields": {"destinataire": ["Bintoudby"], "expediteur": ["azimuts_demo"], "type_notification": "reservation", "titre": "Réservation confirmée — Boutique 60 m² sur grande voie – Yopougon", "message": "Votre réservation a été confirmée et le bien vous est réservé pour 72h. Le propriétaire prépare le contrat, vous serez invité(e) à le signer.", "lien": "/contrats/23/", "lue": true, "date_creation": "2026-07-12T18:48:49.860Z"}}, {"model": "dashboard.notification", "pk": 93, "fields": {"destinataire": ["Bintoudby"], "expediteur": ["azimuts_demo"], "type_notification": "contrat", "titre": "Contrat à signer — Boutique 60 m² sur grande voie – Yopougon", "message": "Azimuts SARL vous a envoyé le contrat CONTRAT-20260712184849 pour signature.", "lien": "/contrats/23/", "lue": true, "date_creation": "2026-07-12T18:49:54.651Z"}}, {"model": "dashboard.notification", "pk": 94, "fields": {"destinataire": ["azimuts_demo"], "expediteur": ["Bintoudby"], "type_notification": "contrat", "titre": "Contrat signé — Boutique 60 m² sur grande voie – Yopougon", "message": "bintou Diaby a signé le contrat CONTRAT-20260712184849.", "lien": "/contrats/23/", "lue": true, "date_creation": "2026-07-12T18:50:48.395Z"}}, {"model": "dashboard.notification", "pk": 95, "fields": {"destinataire": ["fatimahdby07"], "expediteur": ["Abejakings"], "type_notification": "contrat", "titre": "Contrat rappelé — Terrain 300 m² – Grand-Bassam", "message": "Le propriétaire a rappelé ce contrat pour le corriger. Vous recevrez une nouvelle version à signer.", "lien": "/contrats/25/", "lue": true, "date_creation": "2026-07-12T19:01:02.869Z"}}, {"model": "dashboard.notification", "pk": 108, "fields": {"destinataire": ["fatimahdby07"], "expediteur": ["Abejakings"], "type_notification": "mise_en_demeure", "titre": "Mise en demeure — Appartement T2 – Grand-Bassam Centre", "message": "Madame, Monsieur Fatimah Dby,\n\nConformément au contrat de location signé le 08/07/2026, nous constatons que votre paiement présente un retard de 22 jours.\n\nNous vous invitons à régulariser votre situation avant le 13 July 2026.\n\nÀ défaut de régularisation dans le délai indiqué, notre entreprise pourra engager les démarches prévues par le contrat et par la législation en vigueur.\n\nMerci de nous contacter au plus vite\n\nCordialement,\nAbeja King", "lien": "/dashboard/facturation/23/", "lue": false, "date_creation": "2026-07-13T10:06:21.277Z"}}, {"model": "dashboard.notification", "pk": 110, "fields": {"destinataire": ["fatimahdby07"], "expediteur": ["Abejakings"], "type_notification": "paiement", "titre": "Nouveau créneau proposé", "message": "L'entreprise propose un autre créneau pour la facture FAC-6-202606 : le 14/07/2026 à 10:00.", "lien": "/dashboard/facturation/23/", "lue": true, "date_creation": "2026-07-13T10:10:38.876Z"}}, {"model": "dashboard.notification", "pk": 115, "fields": {"destinataire": ["fatimahdby07"], "expediteur": ["Abejakings"], "type_notification": "paiement", "titre": "Rendez-vous de paiement confirmé", "message": "Votre rendez-vous pour la facture FAC-6-202606 est confirmé le 14/07/2026 à 10:30.", "lien": "/dashboard/facturation/23/", "lue": true, "date_creation": "2026-07-13T10:43:36.192Z"}}, {"model": "dashboard.notification", "pk": 126, "fields": {"destinataire": ["nabintoudiaby"], "expediteur": ["Bintoudby"], "type_notification": "message", "titre": "Nouveau message de bintou Diaby", "message": "bonjour!", "lien": "/chat/20/", "lue": true, "date_creation": "2026-07-13T14:55:51.542Z"}}, {"model": "dashboard.notification", "pk": 127, "fields": {"destinataire": ["Bintoudby"], "expediteur": ["nabintoudiaby"], "type_notification": "message", "titre": "Nouveau message de nabintou Diaby", "message": "bonjour comment pouvons-nous vous aider?", "lien": "/chat/20/", "lue": true, "date_creation": "2026-07-13T14:56:42.811Z"}}, {"model": "dashboard.notification", "pk": 131, "fields": {"destinataire": ["azimuts_demo"], "expediteur": ["fatimahdby07"], "type_notification": "reservation", "titre": "Demande de réservation — Villa 6 pièces — Riviera Golf", "message": "Fatimah Dby souhaite réserver ce bien (sans l’avoir visité).", "lien": "/dashboard/reservations/", "lue": false, "date_creation": "2026-07-15T02:40:13.007Z"}}, {"model": "dashboard.notification", "pk": 132, "fields": {"destinataire": ["fatimahdby07"], "expediteur": ["azimuts_demo"], "type_notification": "reservation", "titre": "Réservation confirmée — Villa 6 pièces — Riviera Golf", "message": "Votre réservation a été confirmée et le bien vous est réservé pour 72h. Le propriétaire prépare le contrat, vous serez invité(e) à le signer.", "lien": "/contrats/24/", "lue": false, "date_creation": "2026-07-15T02:40:44.182Z"}}, {"model": "dashboard.notification", "pk": 133, "fields": {"destinataire": ["fatimahdby07"], "expediteur": ["azimuts_demo"], "type_notification": "contrat", "titre": "Contrat à signer — Villa 6 pièces — Riviera Golf", "message": "Azimuts SARL vous a envoyé le contrat CONTRAT-20260715024044 pour signature.", "lien": "/contrats/24/", "lue": false, "date_creation": "2026-07-15T02:41:39.167Z"}}, {"model": "dashboard.notification", "pk": 134, "fields": {"destinataire": ["azimuts_demo"], "expediteur": ["fatimahdby07"], "type_notification": "contrat", "titre": "Contrat signé — Villa 6 pièces — Riviera Golf", "message": "Fatimah Dby a signé le contrat CONTRAT-20260715024044.", "lien": "/contrats/24/", "lue": true, "date_creation": "2026-07-15T02:42:37.804Z"}}, {"model": "dashboard.notification", "pk": 135, "fields": {"destinataire": ["fatimahdby07"], "expediteur": null, "type_notification": "contrat", "titre": "Contrat résilié — Villa 6 pièces — Riviera Golf", "message": "Votre contrat CONTRAT-20260715024044 a été résilié. Motif : arnaque", "lien": "/contrats/24/", "lue": false, "date_creation": "2026-07-15T02:44:40.592Z"}}, {"model": "dashboard.notification", "pk": 136, "fields": {"destinataire": ["Abejakings"], "expediteur": ["fatimahdby07"], "type_notification": "paiement", "titre": "Paiement déclaré — Appartement T2 – Grand-Bassam Centre", "message": "Fatimah Dby déclare avoir réglé la facture FAC-6-202606 via Wave (réf. PAY-2026-725974). Confirmez la réception pour finaliser.", "lien": "/dashboard/facturation/23/", "lue": true, "date_creation": "2026-07-16T00:20:57.417Z"}}, {"model": "dashboard.notification", "pk": 137, "fields": {"destinataire": ["Abejakings"], "expediteur": ["Abejakings"], "type_notification": "paiement", "titre": "Paiement reçu — Appartement T2 – Grand-Bassam Centre", "message": "Abeja king a réglé la facture FAC-6-202606 via Wave.", "lien": "/dashboard/facturation/", "lue": false, "date_creation": "2026-07-16T00:24:18.580Z"}}, {"model": "dashboard.notification", "pk": 138, "fields": {"destinataire": ["fatimahdby07"], "expediteur": ["Abejakings"], "type_notification": "paiement", "titre": "Paiement confirmé", "message": "Abeja king a confirmé la réception de votre paiement (FAC-6-202606). Votre quittance est disponible.", "lien": "/dashboard/facturation/23/", "lue": true, "date_creation": "2026-07-16T00:24:18.590Z"}}, {"model": "dashboard.notification", "pk": 139, "fields": {"destinataire": ["Abejakings"], "expediteur": ["fatimahdby07"], "type_notification": "visite", "titre": "Demande d'annulation — Magasin 100 m² — Koumassi", "message": "Fatimah Dby demande à annuler sa visite confirmée. Motif : Empêchement professionnel", "lien": "/dashboard/rdv/", "lue": false, "date_creation": "2026-07-16T00:37:43.544Z"}}, {"model": "dashboard.notification", "pk": 140, "fields": {"destinataire": ["Abejakings"], "expediteur": ["fatimahdby07"], "type_notification": "visite", "titre": "Demande d'annulation — Magasin 100 m² — Koumassi", "message": "Fatimah Dby demande à annuler sa visite confirmée. Motif : Changement de plan", "lien": "/dashboard/rdv/", "lue": false, "date_creation": "2026-07-16T00:37:43.641Z"}}, {"model": "dashboard.notification", "pk": 141, "fields": {"destinataire": ["fatimahdby07"], "expediteur": ["Abejakings"], "type_notification": "visite", "titre": "Annulation acceptée — Magasin 100 m² — Koumassi", "message": "Votre demande d'annulation a été acceptée.", "lien": "/biens/mes-visites/", "lue": true, "date_creation": "2026-07-16T00:37:43.909Z"}}, {"model": "dashboard.notification", "pk": 142, "fields": {"destinataire": ["fatimahdby07"], "expediteur": ["Abejakings"], "type_notification": "visite", "titre": "Annulation refusée — Magasin 100 m² — Koumassi", "message": "Votre demande d'annulation a été refusée — la visite reste programmée comme prévu.", "lien": "/biens/mes-visites/", "lue": true, "date_creation": "2026-07-16T00:37:43.976Z"}}, {"model": "dashboard.notification", "pk": 143, "fields": {"destinataire": ["Admin"], "expediteur": null, "type_notification": "systeme", "titre": "Nouvelle entreprise à vérifier", "message": "Test Verif SARL a soumis son document RCCM (CI-ABJ-2026-B-99999).", "lien": "/verification-entreprises/", "lue": false, "date_creation": "2026-07-21T19:09:45.123Z"}}, {"model": "dashboard.notification", "pk": 145, "fields": {"destinataire": ["Admin"], "expediteur": null, "type_notification": "systeme", "titre": "Nouvelle entreprise à vérifier", "message": "Test Verif 2 SARL a soumis son document RCCM (CI-ABJ-2026-B-88888).", "lien": "/verification-entreprises/", "lue": false, "date_creation": "2026-07-21T19:10:53.260Z"}}, {"model": "dashboard.notification", "pk": 147, "fields": {"destinataire": ["Admin"], "expediteur": null, "type_notification": "systeme", "titre": "Nouvelle entreprise à vérifier", "message": "Smoke Verif SARL a soumis son document RCCM (CI-ABJ-2026-B-77777).", "lien": "/verification-entreprises/", "lue": false, "date_creation": "2026-07-21T19:16:42.613Z"}}, {"model": "dashboard.notification", "pk": 148, "fields": {"destinataire": ["Admin"], "expediteur": null, "type_notification": "systeme", "titre": "Nouveau particulier à vérifier", "message": "Kone IDTest a soumis une pièce d'identité.", "lien": "/verification-entreprises/", "lue": false, "date_creation": "2026-07-21T21:18:51.247Z"}}, {"model": "dashboard.notification", "pk": 150, "fields": {"destinataire": ["Admin"], "expediteur": null, "type_notification": "systeme", "titre": "Nouveau particulier à vérifier", "message": "Kone2 IDTest2 a soumis une pièce d'identité.", "lien": "/verification-entreprises/", "lue": false, "date_creation": "2026-07-21T21:19:10.279Z"}}, {"model": "messagerie.conversation", "pk": 1, "fields": {"bien": 6, "projet": null, "demandeur": ["Bintoudby"], "proprietaire": ["azimuts_demo"], "phase": "commercial", "cree_le": "2026-06-28T13:48:36.650Z", "mis_a_jour_le": "2026-06-28T13:48:44.387Z", "archive_demandeur": false, "archive_proprietaire": false, "supprime_demandeur": false, "supprime_proprietaire": false}}, {"model": "messagerie.conversation", "pk": 2, "fields": {"bien": 2, "projet": null, "demandeur": ["Bintoudby"], "proprietaire": ["azimuts_demo"], "phase": "commercial", "cree_le": "2026-06-28T14:02:56.539Z", "mis_a_jour_le": "2026-07-08T10:34:40.060Z", "archive_demandeur": false, "archive_proprietaire": false, "supprime_demandeur": false, "supprime_proprietaire": false}}, {"model": "messagerie.conversation", "pk": 4, "fields": {"bien": 4, "projet": null, "demandeur": ["Bintoudby"], "proprietaire": ["azimuts_demo"], "phase": "commercial", "cree_le": "2026-07-07T01:26:51.897Z", "mis_a_jour_le": "2026-07-07T21:01:13.796Z", "archive_demandeur": false, "archive_proprietaire": false, "supprime_demandeur": false, "supprime_proprietaire": false}}, {"model": "messagerie.conversation", "pk": 8, "fields": {"bien": null, "projet": 2, "demandeur": ["Bintoudby"], "proprietaire": ["azimuts_demo"], "phase": "commercial", "cree_le": "2026-07-08T01:11:14.331Z", "mis_a_jour_le": "2026-07-12T16:43:35.726Z", "archive_demandeur": false, "archive_proprietaire": false, "supprime_demandeur": false, "supprime_proprietaire": false}}, {"model": "messagerie.conversation", "pk": 9, "fields": {"bien": 10, "projet": null, "demandeur": ["Bintoudby"], "proprietaire": ["Abejakings"], "phase": "commercial", "cree_le": "2026-07-08T10:14:28.083Z", "mis_a_jour_le": "2026-07-08T10:15:34.531Z", "archive_demandeur": false, "archive_proprietaire": false, "supprime_demandeur": false, "supprime_proprietaire": false}}, {"model": "messagerie.conversation", "pk": 10, "fields": {"bien": null, "projet": 3, "demandeur": ["Bintoudby"], "proprietaire": ["Abejakings"], "phase": "commercial", "cree_le": "2026-07-08T10:18:22.909Z", "mis_a_jour_le": "2026-07-09T20:03:17.191Z", "archive_demandeur": false, "archive_proprietaire": false, "supprime_demandeur": false, "supprime_proprietaire": false}}, {"model": "messagerie.conversation", "pk": 13, "fields": {"bien": 9, "projet": null, "demandeur": ["fatimahdby07"], "proprietaire": ["Abejakings"], "phase": "commercial", "cree_le": "2026-07-10T20:32:05.821Z", "mis_a_jour_le": "2026-07-10T20:32:05.821Z", "archive_demandeur": false, "archive_proprietaire": false, "supprime_demandeur": false, "supprime_proprietaire": false}}, {"model": "messagerie.conversation", "pk": 14, "fields": {"bien": 10, "projet": null, "demandeur": ["fatimahdby07"], "proprietaire": ["Abejakings"], "phase": "commercial", "cree_le": "2026-07-10T20:32:29.833Z", "mis_a_jour_le": "2026-07-11T00:45:52.826Z", "archive_demandeur": false, "archive_proprietaire": false, "supprime_demandeur": false, "supprime_proprietaire": false}}, {"model": "messagerie.conversation", "pk": 15, "fields": {"bien": 5, "projet": null, "demandeur": ["fatimahdby07"], "proprietaire": ["azimuts_demo"], "phase": "commercial", "cree_le": "2026-07-10T20:42:22.714Z", "mis_a_jour_le": "2026-07-10T20:42:22.714Z", "archive_demandeur": false, "archive_proprietaire": false, "supprime_demandeur": false, "supprime_proprietaire": false}}, {"model": "messagerie.conversation", "pk": 16, "fields": {"bien": 4, "projet": null, "demandeur": ["fadel"], "proprietaire": ["azimuts_demo"], "phase": "commercial", "cree_le": "2026-07-11T11:19:56.129Z", "mis_a_jour_le": "2026-07-11T11:23:17.752Z", "archive_demandeur": false, "archive_proprietaire": false, "supprime_demandeur": false, "supprime_proprietaire": false}}, {"model": "messagerie.conversation", "pk": 17, "fields": {"bien": 8, "projet": null, "demandeur": ["Bintoudby"], "proprietaire": ["Abejakings"], "phase": "commercial", "cree_le": "2026-07-11T11:31:24.650Z", "mis_a_jour_le": "2026-07-11T11:31:24.650Z", "archive_demandeur": false, "archive_proprietaire": false, "supprime_demandeur": false, "supprime_proprietaire": false}}, {"model": "messagerie.conversation", "pk": 18, "fields": {"bien": 1, "projet": null, "demandeur": ["Bintoudby"], "proprietaire": ["azimuts_demo"], "phase": "commercial", "cree_le": "2026-07-11T20:58:25.291Z", "mis_a_jour_le": "2026-07-11T20:58:25.291Z", "archive_demandeur": false, "archive_proprietaire": false, "supprime_demandeur": false, "supprime_proprietaire": false}}, {"model": "messagerie.conversation", "pk": 19, "fields": {"bien": null, "projet": 6, "demandeur": ["Bintoudby"], "proprietaire": ["Abejakings"], "phase": "commercial", "cree_le": "2026-07-12T18:35:29.103Z", "mis_a_jour_le": "2026-07-13T14:49:50.184Z", "archive_demandeur": true, "archive_proprietaire": false, "supprime_demandeur": false, "supprime_proprietaire": false}}, {"model": "messagerie.conversation", "pk": 20, "fields": {"bien": 21, "projet": null, "demandeur": ["Bintoudby"], "proprietaire": ["nabintoudiaby"], "phase": "commercial", "cree_le": "2026-07-13T14:55:43.529Z", "mis_a_jour_le": "2026-07-13T14:56:42.811Z", "archive_demandeur": false, "archive_proprietaire": false, "supprime_demandeur": true, "supprime_proprietaire": false}}, {"model": "messagerie.message", "pk": 1, "fields": {"conversation": 1, "expediteur": ["Bintoudby"], "contenu": "bonjur", "lu": true, "cree_le": "2026-06-28T13:48:44.306Z", "est_modifie": false, "date_modification": null, "est_supprime": false}}, {"model": "messagerie.message", "pk": 5, "fields": {"conversation": 4, "expediteur": ["Bintoudby"], "contenu": "bonjour", "lu": true, "cree_le": "2026-07-07T01:27:02.415Z", "est_modifie": false, "date_modification": null, "est_supprime": false}}, {"model": "messagerie.message", "pk": 11, "fields": {"conversation": 4, "expediteur": ["Bintoudby"], "contenu": "bonjour", "lu": true, "cree_le": "2026-07-07T21:01:13.785Z", "est_modifie": false, "date_modification": null, "est_supprime": false}}, {"model": "messagerie.message", "pk": 12, "fields": {"conversation": 8, "expediteur": ["Bintoudby"], "contenu": "Bonjour, je souhaite vous soumettre une demande de devis pour un(e) Villa à cocody.\n\n3", "lu": true, "cree_le": "2026-07-08T01:11:14.343Z", "est_modifie": false, "date_modification": null, "est_supprime": false}}, {"model": "messagerie.message", "pk": 13, "fields": {"conversation": 8, "expediteur": ["Bintoudby"], "contenu": "Le client souhaite modifier le RDV : 09/11/2026 à 12:00. reunion", "lu": true, "cree_le": "2026-07-08T01:12:35.951Z", "est_modifie": false, "date_modification": null, "est_supprime": false}}, {"model": "messagerie.message", "pk": 14, "fields": {"conversation": 8, "expediteur": ["Bintoudby"], "contenu": "Le client a confirmé le rendez-vous du 09/11/2026 à 12:00.", "lu": true, "cree_le": "2026-07-08T01:20:36.629Z", "est_modifie": false, "date_modification": null, "est_supprime": false}}, {"model": "messagerie.message", "pk": 15, "fields": {"conversation": 9, "expediteur": ["Bintoudby"], "contenu": "bonjour monsieur", "lu": true, "cree_le": "2026-07-08T10:14:34.707Z", "est_modifie": false, "date_modification": null, "est_supprime": false}}, {"model": "messagerie.message", "pk": 16, "fields": {"conversation": 9, "expediteur": ["Abejakings"], "contenu": "bonjour madame, en quoi puis-je vous aider??", "lu": true, "cree_le": "2026-07-08T10:15:19.383Z", "est_modifie": false, "date_modification": null, "est_supprime": false}}, {"model": "messagerie.message", "pk": 17, "fields": {"conversation": 9, "expediteur": ["Abejakings"], "contenu": "Votre visite du 12/12/2026 à 13:00 est confirmée. À bientôt !", "lu": true, "cree_le": "2026-07-08T10:15:34.521Z", "est_modifie": false, "date_modification": null, "est_supprime": false}}, {"model": "messagerie.message", "pk": 18, "fields": {"conversation": 10, "expediteur": ["Bintoudby"], "contenu": "Bonjour, je souhaite vous soumettre une demande de devis pour un(e) Villa à cocody.\n\n3 chambres salons", "lu": true, "cree_le": "2026-07-08T10:18:22.909Z", "est_modifie": false, "date_modification": null, "est_supprime": false}}, {"model": "messagerie.message", "pk": 19, "fields": {"conversation": 10, "expediteur": ["Abejakings"], "contenu": "Le statut du projet a ete mis a jour : Accepte.", "lu": true, "cree_le": "2026-07-08T10:21:34.138Z", "est_modifie": false, "date_modification": null, "est_supprime": false}}, {"model": "messagerie.message", "pk": 20, "fields": {"conversation": 10, "expediteur": ["Abejakings"], "contenu": "Mise a jour chantier : l'etape \"Etude du projet\" est maintenant \"A venir\". Avancement global : 0%.", "lu": true, "cree_le": "2026-07-08T10:21:39.402Z", "est_modifie": false, "date_modification": null, "est_supprime": false}}, {"model": "messagerie.message", "pk": 21, "fields": {"conversation": 10, "expediteur": ["Abejakings"], "contenu": "Mise a jour chantier : l'etape \"Etude du projet\" est maintenant \"En cours\". Avancement global : 0%.", "lu": true, "cree_le": "2026-07-08T10:21:43.686Z", "est_modifie": false, "date_modification": null, "est_supprime": false}}, {"model": "messagerie.message", "pk": 22, "fields": {"conversation": 10, "expediteur": ["Abejakings"], "contenu": "Mise a jour chantier : l'etape \"Devis\" est maintenant \"En cours\". Avancement global : 0%.", "lu": true, "cree_le": "2026-07-08T10:21:49.372Z", "est_modifie": false, "date_modification": null, "est_supprime": false}}, {"model": "messagerie.message", "pk": 23, "fields": {"conversation": 10, "expediteur": ["Bintoudby"], "contenu": "okayy", "lu": true, "cree_le": "2026-07-08T10:23:22.042Z", "est_modifie": false, "date_modification": null, "est_supprime": false}}, {"model": "messagerie.message", "pk": 24, "fields": {"conversation": 2, "expediteur": ["azimuts_demo"], "contenu": "Nous ne pouvons pas confirmer la visite du 18/06/2026. N'hésitez pas à proposer une autre date.", "lu": true, "cree_le": "2026-07-08T10:34:40.055Z", "est_modifie": false, "date_modification": null, "est_supprime": false}}, {"model": "messagerie.message", "pk": 25, "fields": {"conversation": 8, "expediteur": ["azimuts_demo"], "contenu": "Le rendez-vous du 09/11/2026 à 12:00 a été annulé par l'entreprise.", "lu": true, "cree_le": "2026-07-08T10:35:39.919Z", "est_modifie": false, "date_modification": null, "est_supprime": false}}, {"model": "messagerie.message", "pk": 32, "fields": {"conversation": 10, "expediteur": ["Abejakings"], "contenu": "Mise a jour chantier : l'etape \"Etude du projet\" est maintenant \"En cours\". Avancement global : 0%.", "lu": true, "cree_le": "2026-07-09T20:03:14.599Z", "est_modifie": false, "date_modification": null, "est_supprime": false}}, {"model": "messagerie.message", "pk": 33, "fields": {"conversation": 10, "expediteur": ["Abejakings"], "contenu": "Mise a jour chantier : l'etape \"Finitions\" est maintenant \"A venir\". Avancement global : 0%.", "lu": true, "cree_le": "2026-07-09T20:03:17.184Z", "est_modifie": false, "date_modification": null, "est_supprime": false}}, {"model": "messagerie.message", "pk": 35, "fields": {"conversation": 14, "expediteur": ["Abejakings"], "contenu": "Votre visite du 13/07/2026 à 00:45 est confirmée. À bientôt !", "lu": true, "cree_le": "2026-07-11T00:45:52.822Z", "est_modifie": false, "date_modification": null, "est_supprime": false}}, {"model": "messagerie.message", "pk": 36, "fields": {"conversation": 16, "expediteur": ["fadel"], "contenu": "coucou", "lu": true, "cree_le": "2026-07-11T11:20:00.962Z", "est_modifie": false, "date_modification": null, "est_supprime": false}}, {"model": "messagerie.message", "pk": 37, "fields": {"conversation": 16, "expediteur": ["azimuts_demo"], "contenu": "bjr", "lu": true, "cree_le": "2026-07-11T11:23:17.692Z", "est_modifie": false, "date_modification": null, "est_supprime": false}}, {"model": "messagerie.message", "pk": 38, "fields": {"conversation": 8, "expediteur": ["azimuts_demo"], "contenu": "Le statut du projet a ete mis a jour : Accepte.", "lu": true, "cree_le": "2026-07-12T16:15:07.793Z", "est_modifie": false, "date_modification": null, "est_supprime": false}}, {"model": "messagerie.message", "pk": 39, "fields": {"conversation": 8, "expediteur": ["Bintoudby"], "contenu": "ok", "lu": true, "cree_le": "2026-07-12T16:43:35.673Z", "est_modifie": false, "date_modification": null, "est_supprime": false}}, {"model": "messagerie.message", "pk": 40, "fields": {"conversation": 19, "expediteur": ["Bintoudby"], "contenu": "Bonjour, je souhaite vous soumettre une demande de devis pour un(e) Villa à cocody.\n\n5 chambres salons", "lu": true, "cree_le": "2026-07-12T18:35:29.110Z", "est_modifie": false, "date_modification": null, "est_supprime": true}}, {"model": "messagerie.message", "pk": 41, "fields": {"conversation": 19, "expediteur": ["Abejakings"], "contenu": "Un devis de 45 000 000 FCFA vous a été envoyé pour votre projet Villa. Valable 30 jours.", "lu": true, "cree_le": "2026-07-13T14:49:25.686Z", "est_modifie": false, "date_modification": null, "est_supprime": false}}, {"model": "messagerie.message", "pk": 42, "fields": {"conversation": 19, "expediteur": ["Bintoudby"], "contenu": "bintou Diaby a accepté le devis.", "lu": true, "cree_le": "2026-07-13T14:49:25.885Z", "est_modifie": false, "date_modification": null, "est_supprime": false}}, {"model": "messagerie.message", "pk": 43, "fields": {"conversation": 19, "expediteur": ["Abejakings"], "contenu": "Un devis de 30 000 000 FCFA vous a été envoyé pour votre projet Villa. Valable 15 jours.", "lu": true, "cree_le": "2026-07-13T14:49:50.102Z", "est_modifie": false, "date_modification": null, "est_supprime": false}}, {"model": "messagerie.message", "pk": 44, "fields": {"conversation": 19, "expediteur": ["Bintoudby"], "contenu": "bintou Diaby a refusé le devis. Motif : Trop cher, merci de revoir a la baisse.", "lu": true, "cree_le": "2026-07-13T14:49:50.173Z", "est_modifie": false, "date_modification": null, "est_supprime": false}}, {"model": "messagerie.message", "pk": 45, "fields": {"conversation": 20, "expediteur": ["Bintoudby"], "contenu": "bonjour!", "lu": true, "cree_le": "2026-07-13T14:55:51.486Z", "est_modifie": false, "date_modification": null, "est_supprime": false}}, {"model": "messagerie.message", "pk": 46, "fields": {"conversation": 20, "expediteur": ["nabintoudiaby"], "contenu": "bonjour comment pouvons-nous vous aider?", "lu": true, "cree_le": "2026-07-13T14:56:42.798Z", "est_modifie": true, "date_modification": "2026-07-13T14:56:48.366Z", "est_supprime": false}}, {"model": "construction.profilconstruction", "pk": 1, "fields": {"company": 5, "description": "Abeja King Construction accompagne particuliers et investisseurs de la conception a la livraison : villas, immeubles locatifs, renovations et locaux commerciaux. Suivi de chantier transparent avec photos regulieres et etapes detaillees.", "annee_creation": 2015, "nb_projets_realises": 1, "specialites": ["Villa", "Duplex", "Immeuble", "Renovation", "Bureau", "Magasin / Commerce"], "adresse": "", "telephone": "", "site_web": "", "note_moyenne": "4.7"}}, {"model": "construction.profilconstruction", "pk": 2, "fields": {"company": 4, "description": "Azimuts SARL realise des programmes residentiels et des locaux commerciaux en Cote d'Ivoire, avec une expertise particuliere sur les residences groupees.", "annee_creation": 2018, "nb_projets_realises": 0, "specialites": ["Villa", "Résidence", "Magasin / Commerce"], "adresse": "", "telephone": "", "site_web": "", "note_moyenne": "4.5"}}, {"model": "construction.realisationconstruction", "pk": 2, "fields": {"company": 5, "titre": "Villa moderne — Angré", "description": "Villa R+1, 5 pièces, piscine, livrée en 2025.", "photo": "construction/realisations/Villa_moderne__Angr.jpg", "annee": 2025, "localisation": "Angré, Abidjan", "type_projet": "villa", "ordre": 0}}, {"model": "construction.realisationconstruction", "pk": 3, "fields": {"company": 5, "titre": "Immeuble R+3 — Cocody", "description": "Immeuble locatif 12 appartements, structure béton armé.", "photo": "construction/realisations/Immeuble_R3__Cocod.jpg", "annee": 2024, "localisation": "Cocody, Abidjan", "type_projet": "immeuble", "ordre": 1}}, {"model": "construction.realisationconstruction", "pk": 4, "fields": {"company": 5, "titre": "Duplex contemporain — Riviera", "description": "Duplex 4 chambres, finitions haut de gamme.", "photo": "construction/realisations/Duplex_contemporain_.jpg", "annee": 2023, "localisation": "Riviera, Abidjan", "type_projet": "duplex", "ordre": 2}}, {"model": "construction.realisationconstruction", "pk": 5, "fields": {"company": 4, "titre": "Résidence Les Palmiers", "description": "Programme de 8 villas jumelées.", "photo": "construction/realisations/Résidence_Les_Palmie.jpg", "annee": 2024, "localisation": "Bingerville", "type_projet": "villa", "ordre": 0}}, {"model": "construction.realisationconstruction", "pk": 6, "fields": {"company": 5, "titre": "Bureaux modernes — Plateau", "description": "Immeuble de bureaux R+2, open space et salles de reunion.", "photo": "construction/realisations/Bureaux_modernes__P.jpg", "annee": 2022, "localisation": "Plateau, Abidjan", "type_projet": "bureau", "ordre": 3}}, {"model": "construction.realisationconstruction", "pk": 7, "fields": {"company": 5, "titre": "Villa avec piscine — Grand-Bassam", "description": "Villa haut standing, piscine et jardin paysager.", "photo": "construction/realisations/Villa_avec_piscine_.jpg", "annee": 2023, "localisation": "Grand-Bassam", "type_projet": "villa", "ordre": 4}}, {"model": "construction.realisationconstruction", "pk": 8, "fields": {"company": 4, "titre": "Local commercial — Adjamé", "description": "Boutique sur rue passante, double vitrine.", "photo": "construction/realisations/Local_commercial__A.jpg", "annee": 2022, "localisation": "Adjamé, Abidjan", "type_projet": "magasin", "ordre": 1}}, {"model": "construction.projetconstruction", "pk": 2, "fields": {"client": ["Bintoudby"], "entreprise": 4, "type_projet": "villa", "superficie": "200", "a_terrain": true, "localisation_terrain": "cocody", "budget_estime": "10000000", "description": "3", "statut": "accepte", "pourcentage_avancement": 0, "terrain_lie": null, "date_rdv": null, "notes_rdv": "", "rdv_confirme": false, "cree_le": "2026-07-08T01:11:14.230Z", "mis_a_jour_le": "2026-07-08T01:11:14.230Z"}}, {"model": "construction.projetconstruction", "pk": 3, "fields": {"client": ["Bintoudby"], "entreprise": 5, "type_projet": "villa", "superficie": "200", "a_terrain": true, "localisation_terrain": "cocody", "budget_estime": "10000000", "description": "3 chambres salons", "statut": "accepte", "pourcentage_avancement": 0, "terrain_lie": null, "date_rdv": null, "notes_rdv": "", "rdv_confirme": false, "cree_le": "2026-07-08T10:18:22.786Z", "mis_a_jour_le": "2026-07-08T10:18:22.786Z"}}, {"model": "construction.projetconstruction", "pk": 6, "fields": {"client": ["Bintoudby"], "entreprise": 5, "type_projet": "villa", "superficie": "200", "a_terrain": false, "localisation_terrain": "cocody", "budget_estime": "5000000000", "description": "5 chambres salons", "statut": "en_attente", "pourcentage_avancement": 0, "terrain_lie": null, "date_rdv": null, "notes_rdv": "", "rdv_confirme": false, "cree_le": "2026-07-12T18:35:29.057Z", "mis_a_jour_le": "2026-07-12T18:35:29.057Z"}}, {"model": "construction.projetconstruction", "pk": 7, "fields": {"client": ["fatimahdby07"], "entreprise": 5, "type_projet": "duplex", "superficie": "220", "a_terrain": true, "localisation_terrain": "Angré, Abidjan", "budget_estime": "45000000", "description": "Construction d'un duplex 4 chambres avec jardin.", "statut": "en_cours", "pourcentage_avancement": 50, "terrain_lie": null, "date_rdv": null, "notes_rdv": "", "rdv_confirme": false, "cree_le": "2026-07-15T01:40:34.152Z", "mis_a_jour_le": "2026-07-15T01:40:34.152Z"}}, {"model": "construction.projetconstruction", "pk": 8, "fields": {"client": ["oumar"], "entreprise": 5, "type_projet": "immeuble", "superficie": "480", "a_terrain": true, "localisation_terrain": "Cocody, Abidjan", "budget_estime": "180000000", "description": "Immeuble R+3 à usage locatif, 10 appartements.", "statut": "en_cours", "pourcentage_avancement": 75, "terrain_lie": null, "date_rdv": null, "notes_rdv": "", "rdv_confirme": false, "cree_le": "2026-07-15T01:40:35.607Z", "mis_a_jour_le": "2026-07-15T01:40:35.607Z"}}, {"model": "construction.projetconstruction", "pk": 9, "fields": {"client": ["fadel"], "entreprise": 5, "type_projet": "renovation", "superficie": "150", "a_terrain": false, "localisation_terrain": "Marcory, Abidjan", "budget_estime": "12000000", "description": "Rénovation complète d'une maison basse (toiture, plomberie, peinture).", "statut": "termine", "pourcentage_avancement": 100, "terrain_lie": null, "date_rdv": null, "notes_rdv": "", "rdv_confirme": false, "cree_le": "2026-07-15T01:40:36.862Z", "mis_a_jour_le": "2026-07-15T01:40:36.862Z"}}, {"model": "construction.projetconstruction", "pk": 10, "fields": {"client": ["Bintoudby"], "entreprise": 4, "type_projet": "magasin", "superficie": "90", "a_terrain": true, "localisation_terrain": "Adjamé, Abidjan", "budget_estime": "25000000", "description": "Construction d'un local commercial sur rue passante.", "statut": "devis_envoye", "pourcentage_avancement": 0, "terrain_lie": null, "date_rdv": null, "notes_rdv": "", "rdv_confirme": false, "cree_le": "2026-07-15T01:40:38.315Z", "mis_a_jour_le": "2026-07-15T01:40:38.315Z"}}, {"model": "construction.etapechantier", "pk": 9, "fields": {"projet": 2, "nom": "Etude du projet", "ordre": 0, "statut": "a_venir", "date_prevue": null, "date_reelle": null, "notes": ""}}, {"model": "construction.etapechantier", "pk": 10, "fields": {"projet": 2, "nom": "Devis", "ordre": 1, "statut": "a_venir", "date_prevue": null, "date_reelle": null, "notes": ""}}, {"model": "construction.etapechantier", "pk": 11, "fields": {"projet": 2, "nom": "Signature du contrat", "ordre": 2, "statut": "a_venir", "date_prevue": null, "date_reelle": null, "notes": ""}}, {"model": "construction.etapechantier", "pk": 12, "fields": {"projet": 2, "nom": "Fondations", "ordre": 3, "statut": "a_venir", "date_prevue": null, "date_reelle": null, "notes": ""}}, {"model": "construction.etapechantier", "pk": 13, "fields": {"projet": 2, "nom": "Elevation des murs", "ordre": 4, "statut": "a_venir", "date_prevue": null, "date_reelle": null, "notes": ""}}, {"model": "construction.etapechantier", "pk": 14, "fields": {"projet": 2, "nom": "Toiture", "ordre": 5, "statut": "a_venir", "date_prevue": null, "date_reelle": null, "notes": ""}}, {"model": "construction.etapechantier", "pk": 15, "fields": {"projet": 2, "nom": "Finitions", "ordre": 6, "statut": "a_venir", "date_prevue": null, "date_reelle": null, "notes": ""}}, {"model": "construction.etapechantier", "pk": 16, "fields": {"projet": 2, "nom": "Livraison", "ordre": 7, "statut": "a_venir", "date_prevue": null, "date_reelle": null, "notes": ""}}, {"model": "construction.etapechantier", "pk": 17, "fields": {"projet": 3, "nom": "Etude du projet", "ordre": 0, "statut": "en_cours", "date_prevue": null, "date_reelle": null, "notes": ""}}, {"model": "construction.etapechantier", "pk": 18, "fields": {"projet": 3, "nom": "Devis", "ordre": 1, "statut": "en_cours", "date_prevue": null, "date_reelle": null, "notes": ""}}, {"model": "construction.etapechantier", "pk": 19, "fields": {"projet": 3, "nom": "Signature du contrat", "ordre": 2, "statut": "a_venir", "date_prevue": null, "date_reelle": null, "notes": ""}}, {"model": "construction.etapechantier", "pk": 20, "fields": {"projet": 3, "nom": "Fondations", "ordre": 3, "statut": "a_venir", "date_prevue": null, "date_reelle": null, "notes": ""}}, {"model": "construction.etapechantier", "pk": 21, "fields": {"projet": 3, "nom": "Elevation des murs", "ordre": 4, "statut": "a_venir", "date_prevue": null, "date_reelle": null, "notes": ""}}, {"model": "construction.etapechantier", "pk": 22, "fields": {"projet": 3, "nom": "Toiture", "ordre": 5, "statut": "a_venir", "date_prevue": null, "date_reelle": null, "notes": ""}}, {"model": "construction.etapechantier", "pk": 23, "fields": {"projet": 3, "nom": "Finitions", "ordre": 6, "statut": "a_venir", "date_prevue": null, "date_reelle": null, "notes": ""}}, {"model": "construction.etapechantier", "pk": 24, "fields": {"projet": 3, "nom": "Livraison", "ordre": 7, "statut": "a_venir", "date_prevue": null, "date_reelle": null, "notes": ""}}, {"model": "construction.etapechantier", "pk": 41, "fields": {"projet": 6, "nom": "Etude du projet", "ordre": 0, "statut": "a_venir", "date_prevue": null, "date_reelle": null, "notes": ""}}, {"model": "construction.etapechantier", "pk": 42, "fields": {"projet": 6, "nom": "Devis", "ordre": 1, "statut": "a_venir", "date_prevue": null, "date_reelle": null, "notes": ""}}, {"model": "construction.etapechantier", "pk": 43, "fields": {"projet": 6, "nom": "Signature du contrat", "ordre": 2, "statut": "a_venir", "date_prevue": null, "date_reelle": null, "notes": ""}}, {"model": "construction.etapechantier", "pk": 44, "fields": {"projet": 6, "nom": "Fondations", "ordre": 3, "statut": "a_venir", "date_prevue": null, "date_reelle": null, "notes": ""}}, {"model": "construction.etapechantier", "pk": 45, "fields": {"projet": 6, "nom": "Elevation des murs", "ordre": 4, "statut": "a_venir", "date_prevue": null, "date_reelle": null, "notes": ""}}, {"model": "construction.etapechantier", "pk": 46, "fields": {"projet": 6, "nom": "Toiture", "ordre": 5, "statut": "a_venir", "date_prevue": null, "date_reelle": null, "notes": ""}}, {"model": "construction.etapechantier", "pk": 47, "fields": {"projet": 6, "nom": "Finitions", "ordre": 6, "statut": "a_venir", "date_prevue": null, "date_reelle": null, "notes": ""}}, {"model": "construction.etapechantier", "pk": 48, "fields": {"projet": 6, "nom": "Livraison", "ordre": 7, "statut": "a_venir", "date_prevue": null, "date_reelle": null, "notes": ""}}, {"model": "construction.etapechantier", "pk": 49, "fields": {"projet": 7, "nom": "Etude du projet", "ordre": 0, "statut": "termine", "date_prevue": null, "date_reelle": "2026-06-05", "notes": ""}}, {"model": "construction.etapechantier", "pk": 50, "fields": {"projet": 7, "nom": "Devis", "ordre": 1, "statut": "termine", "date_prevue": null, "date_reelle": "2026-06-10", "notes": ""}}, {"model": "construction.etapechantier", "pk": 51, "fields": {"projet": 7, "nom": "Signature du contrat", "ordre": 2, "statut": "termine", "date_prevue": null, "date_reelle": "2026-06-15", "notes": ""}}, {"model": "construction.etapechantier", "pk": 52, "fields": {"projet": 7, "nom": "Fondations", "ordre": 3, "statut": "termine", "date_prevue": null, "date_reelle": "2026-06-20", "notes": ""}}, {"model": "construction.etapechantier", "pk": 53, "fields": {"projet": 7, "nom": "Elevation des murs", "ordre": 4, "statut": "en_cours", "date_prevue": null, "date_reelle": null, "notes": ""}}, {"model": "construction.etapechantier", "pk": 54, "fields": {"projet": 7, "nom": "Toiture", "ordre": 5, "statut": "a_venir", "date_prevue": null, "date_reelle": null, "notes": ""}}, {"model": "construction.etapechantier", "pk": 55, "fields": {"projet": 7, "nom": "Finitions", "ordre": 6, "statut": "a_venir", "date_prevue": null, "date_reelle": null, "notes": ""}}, {"model": "construction.etapechantier", "pk": 56, "fields": {"projet": 7, "nom": "Livraison", "ordre": 7, "statut": "a_venir", "date_prevue": null, "date_reelle": null, "notes": ""}}, {"model": "construction.etapechantier", "pk": 57, "fields": {"projet": 8, "nom": "Etude du projet", "ordre": 0, "statut": "termine", "date_prevue": null, "date_reelle": "2026-06-05", "notes": ""}}, {"model": "construction.etapechantier", "pk": 58, "fields": {"projet": 8, "nom": "Devis", "ordre": 1, "statut": "termine", "date_prevue": null, "date_reelle": "2026-06-10", "notes": ""}}, {"model": "construction.etapechantier", "pk": 59, "fields": {"projet": 8, "nom": "Signature du contrat", "ordre": 2, "statut": "termine", "date_prevue": null, "date_reelle": "2026-06-15", "notes": ""}}, {"model": "construction.etapechantier", "pk": 60, "fields": {"projet": 8, "nom": "Fondations", "ordre": 3, "statut": "termine", "date_prevue": null, "date_reelle": "2026-06-20", "notes": ""}}, {"model": "construction.etapechantier", "pk": 61, "fields": {"projet": 8, "nom": "Elevation des murs", "ordre": 4, "statut": "termine", "date_prevue": null, "date_reelle": "2026-06-25", "notes": ""}}, {"model": "construction.etapechantier", "pk": 62, "fields": {"projet": 8, "nom": "Toiture", "ordre": 5, "statut": "termine", "date_prevue": null, "date_reelle": "2026-06-30", "notes": ""}}, {"model": "construction.etapechantier", "pk": 63, "fields": {"projet": 8, "nom": "Finitions", "ordre": 6, "statut": "en_cours", "date_prevue": null, "date_reelle": null, "notes": ""}}, {"model": "construction.etapechantier", "pk": 64, "fields": {"projet": 8, "nom": "Livraison", "ordre": 7, "statut": "a_venir", "date_prevue": null, "date_reelle": null, "notes": ""}}, {"model": "construction.etapechantier", "pk": 65, "fields": {"projet": 9, "nom": "Etude du projet", "ordre": 0, "statut": "termine", "date_prevue": null, "date_reelle": "2026-06-05", "notes": ""}}, {"model": "construction.etapechantier", "pk": 66, "fields": {"projet": 9, "nom": "Devis", "ordre": 1, "statut": "termine", "date_prevue": null, "date_reelle": "2026-06-10", "notes": ""}}, {"model": "construction.etapechantier", "pk": 67, "fields": {"projet": 9, "nom": "Signature du contrat", "ordre": 2, "statut": "termine", "date_prevue": null, "date_reelle": "2026-06-15", "notes": ""}}, {"model": "construction.etapechantier", "pk": 68, "fields": {"projet": 9, "nom": "Fondations", "ordre": 3, "statut": "termine", "date_prevue": null, "date_reelle": "2026-06-20", "notes": ""}}, {"model": "construction.etapechantier", "pk": 69, "fields": {"projet": 9, "nom": "Elevation des murs", "ordre": 4, "statut": "termine", "date_prevue": null, "date_reelle": "2026-06-25", "notes": ""}}, {"model": "construction.etapechantier", "pk": 70, "fields": {"projet": 9, "nom": "Toiture", "ordre": 5, "statut": "termine", "date_prevue": null, "date_reelle": "2026-06-30", "notes": ""}}, {"model": "construction.etapechantier", "pk": 71, "fields": {"projet": 9, "nom": "Finitions", "ordre": 6, "statut": "termine", "date_prevue": null, "date_reelle": "2026-07-05", "notes": ""}}, {"model": "construction.etapechantier", "pk": 72, "fields": {"projet": 9, "nom": "Livraison", "ordre": 7, "statut": "termine", "date_prevue": null, "date_reelle": "2026-07-10", "notes": ""}}, {"model": "construction.etapechantier", "pk": 73, "fields": {"projet": 10, "nom": "Etude du projet", "ordre": 0, "statut": "a_venir", "date_prevue": null, "date_reelle": null, "notes": ""}}, {"model": "construction.etapechantier", "pk": 74, "fields": {"projet": 10, "nom": "Devis", "ordre": 1, "statut": "a_venir", "date_prevue": null, "date_reelle": null, "notes": ""}}, {"model": "construction.etapechantier", "pk": 75, "fields": {"projet": 10, "nom": "Signature du contrat", "ordre": 2, "statut": "a_venir", "date_prevue": null, "date_reelle": null, "notes": ""}}, {"model": "construction.etapechantier", "pk": 76, "fields": {"projet": 10, "nom": "Fondations", "ordre": 3, "statut": "a_venir", "date_prevue": null, "date_reelle": null, "notes": ""}}, {"model": "construction.etapechantier", "pk": 77, "fields": {"projet": 10, "nom": "Elevation des murs", "ordre": 4, "statut": "a_venir", "date_prevue": null, "date_reelle": null, "notes": ""}}, {"model": "construction.etapechantier", "pk": 78, "fields": {"projet": 10, "nom": "Toiture", "ordre": 5, "statut": "a_venir", "date_prevue": null, "date_reelle": null, "notes": ""}}, {"model": "construction.etapechantier", "pk": 79, "fields": {"projet": 10, "nom": "Finitions", "ordre": 6, "statut": "a_venir", "date_prevue": null, "date_reelle": null, "notes": ""}}, {"model": "construction.etapechantier", "pk": 80, "fields": {"projet": 10, "nom": "Livraison", "ordre": 7, "statut": "a_venir", "date_prevue": null, "date_reelle": null, "notes": ""}}, {"model": "construction.photochantier", "pk": 1, "fields": {"projet": 7, "photo": "chantiers/photos/chantier_7_3d-renderi.jpg", "legende": "Avancement du chantier", "etape": null, "ajoute_par": null, "cree_le": "2026-07-15T01:40:35.430Z"}}, {"model": "construction.photochantier", "pk": 2, "fields": {"projet": 7, "photo": "chantiers/photos/chantier_7_a4eb7c21d4.jpg", "legende": "Avancement du chantier", "etape": null, "ajoute_par": null, "cree_le": "2026-07-15T01:40:35.598Z"}}, {"model": "construction.photochantier", "pk": 3, "fields": {"projet": 8, "photo": "chantiers/photos/chantier_8_3d-renderi.jpg", "legende": "Avancement du chantier", "etape": null, "ajoute_par": null, "cree_le": "2026-07-15T01:40:36.833Z"}}, {"model": "construction.photochantier", "pk": 4, "fields": {"projet": 8, "photo": "chantiers/photos/chantier_8_4-800x533-.jpg", "legende": "Avancement du chantier", "etape": null, "ajoute_par": null, "cree_le": "2026-07-15T01:40:36.862Z"}}, {"model": "construction.photochantier", "pk": 5, "fields": {"projet": 9, "photo": "chantiers/photos/chantier_9_3d-renderi.jpg", "legende": "Avancement du chantier", "etape": null, "ajoute_par": null, "cree_le": "2026-07-15T01:40:38.068Z"}}, {"model": "construction.photochantier", "pk": 6, "fields": {"projet": 9, "photo": "chantiers/photos/chantier_9_a4eb7c21d4.jpg", "legende": "Avancement du chantier", "etape": null, "ajoute_par": null, "cree_le": "2026-07-15T01:40:38.268Z"}}, {"model": "construction.notificationconstruction", "pk": 4, "fields": {"destinataire": ["azimuts_demo"], "projet": 2, "type": "nouveau_devis", "message": "Nouveau devis reçu de bintou Diaby pour un(e) Villa à cocody.", "lue": false, "cree_le": "2026-07-08T01:11:14.357Z"}}, {"model": "construction.notificationconstruction", "pk": 5, "fields": {"destinataire": ["azimuts_demo"], "projet": 2, "type": "rdv_modifie", "message": "Le client souhaite modifier le RDV : 09/11/2026 à 12:00. reunion", "lue": false, "cree_le": "2026-07-08T01:12:35.951Z"}}, {"model": "construction.notificationconstruction", "pk": 6, "fields": {"destinataire": ["azimuts_demo"], "projet": 2, "type": "rdv_confirme", "message": "Le client a confirmé le rendez-vous du 09/11/2026 à 12:00.", "lue": false, "cree_le": "2026-07-08T01:20:36.620Z"}}, {"model": "construction.notificationconstruction", "pk": 7, "fields": {"destinataire": ["Abejakings"], "projet": 3, "type": "nouveau_devis", "message": "Nouveau devis reçu de bintou Diaby pour un(e) Villa à cocody.", "lue": true, "cree_le": "2026-07-08T10:18:22.930Z"}}, {"model": "construction.notificationconstruction", "pk": 13, "fields": {"destinataire": ["Bintoudby"], "projet": 2, "type": "rdv_annule", "message": "Le rendez-vous du 09/11/2026 à 12:00 a été annulé par l'entreprise.", "lue": false, "cree_le": "2026-07-08T10:35:39.919Z"}}]